order_id,customer_id,product_id,date_id,location_id,payment_id,amount,quantity,profit,order_items_id
B-26776,1,1,1,1,1,9726.0,5,1275.0,1
B-26776,2,1,2,2,1,9726.0,5,1275.0,2
B-26776,3,1,3,3,1,9726.0,5,1275.0,3
B-26776,1,2,1,1,1,4975.0,14,1330.0,4
B-26776,2,2,2,2,1,4975.0,14,1330.0,5
B-26776,3,2,3,3,1,4975.0,14,1330.0,6
B-26942,4,3,4,4,2,1525.0,12,185.0,7
B-26942,5,3,5,1,2,1525.0,12,185.0,8
B-26640,6,4,6,5,3,883.0,10,117.0,9
B-26640,6,5,6,5,4,8127.0,16,3551.0,10
B-25890,7,6,7,6,1,2516.0,19,734.0,11
B-25102,8,3,8,6,4,2975.0,14,462.0,12
B-25426,9,7,9,4,2,6851.0,1,2812.0,13
B-25426,9,8,9,4,4,7626.0,15,1046.0,14
B-25426,9,5,9,4,1,1023.0,9,78.0,15
B-25238,10,3,10,7,1,7600.0,10,1098.0,16
B-25238,10,9,10,7,5,7501.0,18,262.0,17
B-25051,11,9,11,8,4,725.0,6,133.0,18
B-25051,11,5,11,8,4,7201.0,2,2685.0,19
B-26510,12,9,12,9,1,1629.0,1,265.0,20
B-26510,13,9,13,10,1,1629.0,1,265.0,21
B-25104,14,10,14,10,2,8971.0,19,2971.0,22
B-25104,14,10,14,10,5,2939.0,20,894.0,23
B-25553,15,11,15,8,1,9380.0,11,414.0,24
B-25553,15,10,15,8,4,8558.0,18,1644.0,25
B-25553,15,9,15,8,5,4080.0,17,72.0,26
B-26703,16,1,16,11,3,4206.0,17,1821.0,27
B-26232,17,10,17,6,5,5219.0,20,1180.0,28
B-26232,18,10,18,12,5,5219.0,20,1180.0,29
B-25394,19,3,19,12,2,3686.0,20,760.0,30
B-25394,20,3,20,13,2,3686.0,20,760.0,31
B-26157,21,9,21,4,5,6045.0,4,1606.0,32
B-26157,21,3,21,4,5,9337.0,11,554.0,33
B-25555,22,11,22,10,4,4051.0,12,1848.0,34
B-25555,23,11,23,14,4,4051.0,12,1848.0,35
B-25555,22,12,22,10,4,5011.0,11,866.0,36
B-25555,23,12,23,14,4,5011.0,11,866.0,37
B-26139,24,8,24,4,3,3958.0,15,630.0,38
B-26139,24,5,24,4,2,3132.0,1,963.0,39
B-25032,25,7,25,12,1,7784.0,12,2937.0,40
B-25032,25,3,25,12,5,5591.0,3,1696.0,41
B-25032,25,1,25,12,5,5122.0,12,2413.0,42
B-25730,26,10,26,15,5,8293.0,8,2632.0,43
B-25730,27,10,27,8,5,8293.0,8,2632.0,44
B-25730,28,10,28,5,5,8293.0,8,2632.0,45
B-25730,26,11,26,15,1,2863.0,17,205.0,46
B-25730,27,11,27,8,1,2863.0,17,205.0,47
B-25730,28,11,28,5,1,2863.0,17,205.0,48
B-26470,29,5,2,10,3,3090.0,6,573.0,49
B-26470,30,5,29,14,3,3090.0,6,573.0,50
B-26470,31,5,30,11,3,3090.0,6,573.0,51
B-26470,32,5,31,9,3,3090.0,6,573.0,52
B-26470,29,2,2,10,1,9683.0,5,1014.0,53
B-26470,30,2,29,14,1,9683.0,5,1014.0,54
B-26470,31,2,30,11,1,9683.0,5,1014.0,55
B-26470,32,2,31,9,1,9683.0,5,1014.0,56
B-25988,33,5,32,14,3,2463.0,18,648.0,57
B-25568,34,8,33,1,5,7811.0,12,1538.0,58
B-26730,35,5,34,4,2,6139.0,10,451.0,59
B-26730,18,5,35,16,2,6139.0,10,451.0,60
B-26730,35,6,34,4,5,8636.0,3,3192.0,61
B-26730,18,6,35,16,5,8636.0,3,3192.0,62
B-26730,35,8,34,4,4,4439.0,19,1712.0,63
B-26730,18,8,35,16,4,4439.0,19,1712.0,64
B-25372,36,5,36,3,2,1016.0,20,172.0,65
B-25372,36,5,36,3,1,5768.0,14,2059.0,66
B-25372,36,5,36,3,4,1217.0,3,151.0,67
B-26026,37,9,37,15,2,953.0,2,93.0,68
B-26026,38,9,38,5,2,953.0,2,93.0,69
B-26026,37,8,37,15,5,7355.0,3,1034.0,70
B-26026,38,8,38,5,5,7355.0,3,1034.0,71
B-26026,37,11,37,15,4,1843.0,3,248.0,72
B-26026,38,11,38,5,4,1843.0,3,248.0,73
B-26026,37,3,37,15,2,1603.0,10,361.0,74
B-26026,38,3,38,5,2,1603.0,10,361.0,75
B-25295,39,3,39,1,4,2025.0,1,528.0,76
B-25295,39,10,39,1,3,6800.0,16,167.0,77
B-26121,40,12,40,17,1,1126.0,1,55.0,78
B-26121,41,12,41,3,1,1126.0,1,55.0,79
B-25560,42,5,42,10,1,7533.0,12,3508.0,80
B-25560,42,10,42,10,4,4734.0,16,1178.0,81
B-25560,42,1,42,10,2,4074.0,6,1175.0,82
B-25560,42,8,42,10,4,2334.0,3,484.0,83
B-26076,43,11,43,3,2,2750.0,11,1239.0,84
B-26076,44,11,44,15,2,2750.0,11,1239.0,85
B-26076,43,3,43,3,3,8639.0,19,3104.0,86
B-26076,44,3,44,15,3,8639.0,19,3104.0,87
B-25872,45,7,45,6,1,3808.0,4,1192.0,88
B-25872,45,3,45,6,4,2588.0,16,705.0,89
B-26185,46,1,46,7,4,1591.0,5,727.0,90
B-26185,47,1,47,17,4,1591.0,5,727.0,91
B-26185,48,1,48,14,4,1591.0,5,727.0,92
B-26259,49,6,49,15,1,1757.0,10,622.0,93
B-26259,50,6,50,18,1,1757.0,10,622.0,94
B-25142,51,12,51,4,2,6940.0,15,253.0,95
B-25142,51,2,51,4,1,5105.0,5,465.0,96
B-25326,52,5,52,1,5,5578.0,16,277.0,97
B-25326,53,5,53,13,5,5578.0,16,277.0,98
B-26795,54,6,54,16,4,5224.0,16,1958.0,99
B-26795,54,7,54,16,4,5002.0,11,1801.0,100
B-26795,54,7,54,16,5,7380.0,18,1673.0,101
B-25660,55,6,55,5,2,7595.0,4,2873.0,102
B-25660,56,6,56,8,2,7595.0,4,2873.0,103
B-25410,57,8,57,11,2,1954.0,7,294.0,104
B-25690,58,2,58,9,3,523.0,20,95.0,105
B-26464,59,4,59,11,3,5704.0,13,714.0,106
B-26464,60,4,60,10,3,5704.0,13,714.0,107
B-26464,59,5,59,11,1,8797.0,8,1010.0,108
B-26464,60,5,60,10,1,8797.0,8,1010.0,109
B-26464,59,4,59,11,2,9236.0,5,2899.0,110
B-26464,60,4,60,10,2,9236.0,5,2899.0,111
B-26454,61,8,61,1,3,9109.0,17,586.0,112
B-26742,62,11,62,9,4,4358.0,19,526.0,113
B-26742,63,11,63,12,4,4358.0,19,526.0,114
B-26742,62,11,62,9,4,6459.0,8,825.0,115
B-26742,63,11,63,12,4,6459.0,8,825.0,116
B-25510,64,12,64,12,5,2478.0,12,92.0,117
B-25510,65,12,65,6,5,2478.0,12,92.0,118
B-25510,66,12,66,12,5,2478.0,12,92.0,119
B-25510,67,12,67,15,5,2478.0,12,92.0,120
B-25936,68,3,5,8,2,9992.0,20,3696.0,121
B-25936,69,3,68,11,2,9992.0,20,3696.0,122
B-25936,70,3,69,8,2,9992.0,20,3696.0,123
B-25936,68,10,5,8,1,9619.0,7,3420.0,124
B-25936,69,10,68,11,1,9619.0,7,3420.0,125
B-25936,70,10,69,8,1,9619.0,7,3420.0,126
B-25884,71,2,70,12,4,9538.0,20,3158.0,127
B-25884,72,2,71,15,4,9538.0,20,3158.0,128
B-25884,71,6,70,12,3,9035.0,14,1227.0,129
B-25884,72,6,71,15,3,9035.0,14,1227.0,130
B-26287,73,9,72,17,5,2684.0,2,670.0,131
B-26287,73,8,72,17,4,822.0,5,147.0,132
B-26287,73,6,72,17,3,9730.0,2,2341.0,133
B-26287,73,1,72,17,5,2483.0,2,236.0,134
B-26564,74,10,73,4,4,1297.0,7,600.0,135
B-26564,74,11,73,4,5,7909.0,19,1942.0,136
B-26293,75,5,74,9,4,9768.0,8,4518.0,137
B-26293,75,8,74,9,2,4968.0,5,934.0,138
B-26293,75,4,74,9,3,1731.0,4,149.0,139
B-25915,76,10,75,12,5,3433.0,10,1169.0,140
B-25915,77,10,76,7,5,3433.0,10,1169.0,141
B-25915,78,10,77,10,5,3433.0,10,1169.0,142
B-25915,76,10,75,12,2,3887.0,1,1490.0,143
B-25915,77,10,76,7,2,3887.0,1,1490.0,144
B-25915,78,10,77,10,2,3887.0,1,1490.0,145
B-26496,79,7,78,5,4,1801.0,20,641.0,146
B-26496,79,5,78,5,2,5301.0,10,817.0,147
B-26496,79,9,78,5,2,1166.0,12,520.0,148
B-26496,79,9,78,5,2,3196.0,15,1411.0,149
B-25856,80,6,79,7,4,3428.0,1,350.0,150
B-25856,80,10,79,7,4,7223.0,12,2433.0,151
B-25856,80,3,79,7,4,3731.0,1,647.0,152
B-26899,81,3,80,13,4,8903.0,18,4401.0,153
B-25916,82,11,81,2,1,6009.0,7,2107.0,154
B-25916,83,11,82,11,1,6009.0,7,2107.0,155
B-25916,82,5,81,2,4,2858.0,3,230.0,156
B-25916,83,5,82,11,4,2858.0,3,230.0,157
B-25916,82,8,81,2,4,8175.0,7,525.0,158
B-25916,83,8,82,11,4,8175.0,7,525.0,159
B-25916,82,8,81,2,1,5846.0,18,586.0,160
B-25916,83,8,82,11,1,5846.0,18,586.0,161
B-26428,84,4,83,11,4,706.0,11,197.0,162
B-26332,85,5,84,9,5,9835.0,16,2571.0,163
B-26332,86,5,85,4,5,9835.0,16,2571.0,164
B-26332,87,5,86,5,5,9835.0,16,2571.0,165
B-26332,85,7,84,9,4,9691.0,13,3056.0,166
B-26332,86,7,85,4,4,9691.0,13,3056.0,167
B-26332,87,7,86,5,4,9691.0,13,3056.0,168
B-26332,85,12,84,9,1,7826.0,14,1221.0,169
B-26332,86,12,85,4,1,7826.0,14,1221.0,170
B-26332,87,12,86,5,1,7826.0,14,1221.0,171
B-25303,88,8,87,11,5,770.0,11,241.0,172
B-25303,89,8,88,14,5,770.0,11,241.0,173
B-26507,90,12,89,8,5,9895.0,20,1598.0,174
B-25983,91,9,90,1,2,6517.0,10,1581.0,175
B-25983,92,9,91,17,2,6517.0,10,1581.0,176
B-25983,91,5,90,1,4,1166.0,11,349.0,177
B-25983,92,5,91,17,4,1166.0,11,349.0,178
B-25156,93,6,92,3,4,9820.0,16,793.0,179
B-26759,94,10,93,9,5,8563.0,8,2624.0,180
B-26759,94,2,93,9,5,4441.0,20,281.0,181
B-26244,95,9,94,4,3,7340.0,8,2271.0,182
B-26244,95,11,94,4,3,5442.0,1,1610.0,183
B-26365,96,5,95,17,1,1895.0,14,391.0,184
B-26365,96,10,95,17,5,5323.0,13,322.0,185
B-26212,97,7,96,1,2,8850.0,13,279.0,186
B-26212,97,9,96,1,2,8667.0,6,1266.0,187
B-25042,98,5,97,2,5,6903.0,1,105.0,188
B-25042,98,3,97,2,5,8793.0,7,3010.0,189
B-25901,99,9,98,3,1,9883.0,16,4812.0,190
B-25901,100,9,99,4,1,9883.0,16,4812.0,191
B-25901,101,9,100,7,1,9883.0,16,4812.0,192
B-25901,99,9,98,3,1,5210.0,7,1185.0,193
B-25901,100,9,99,4,1,5210.0,7,1185.0,194
B-25901,101,9,100,7,1,5210.0,7,1185.0,195
B-26747,102,2,48,5,4,3574.0,4,851.0,196
B-26747,102,8,48,5,1,576.0,13,76.0,197
B-26698,103,2,101,15,3,1860.0,13,457.0,198
B-25841,104,3,102,18,3,782.0,8,374.0,199
B-25841,104,4,102,18,1,4371.0,1,1852.0,200
B-26032,105,11,103,16,5,8346.0,1,1176.0,201
B-26032,106,11,104,2,5,8346.0,1,1176.0,202
B-26032,107,11,105,12,5,8346.0,1,1176.0,203
B-26032,105,5,103,16,2,6218.0,5,1125.0,204
B-26032,106,5,104,2,2,6218.0,5,1125.0,205
B-26032,107,5,105,12,2,6218.0,5,1125.0,206
B-26032,105,2,103,16,4,5167.0,14,253.0,207
B-26032,106,2,104,2,4,5167.0,14,253.0,208
B-26032,107,2,105,12,4,5167.0,14,253.0,209
B-26032,105,8,103,16,2,2799.0,5,1239.0,210
B-26032,106,8,104,2,2,2799.0,5,1239.0,211
B-26032,107,8,105,12,2,2799.0,5,1239.0,212
B-25171,108,7,106,1,4,3234.0,20,1029.0,213
B-26939,109,5,107,7,2,4920.0,12,775.0,214
B-26939,109,12,107,7,3,9078.0,15,2213.0,215
B-26347,110,12,108,1,1,8586.0,7,3826.0,216
B-26347,111,12,109,17,1,8586.0,7,3826.0,217
B-25388,112,8,110,12,3,5047.0,13,2211.0,218
B-25388,113,8,111,2,3,5047.0,13,2211.0,219
B-25388,114,8,112,18,3,5047.0,13,2211.0,220
B-25388,115,8,113,3,3,5047.0,13,2211.0,221
B-26419,116,8,114,12,1,3657.0,1,163.0,222
B-25157,117,1,115,18,1,6471.0,18,2842.0,223
B-25342,118,10,116,15,1,949.0,9,301.0,224
B-25342,118,10,116,15,3,6823.0,6,771.0,225
B-25342,118,5,116,15,3,4364.0,2,831.0,226
B-26165,119,11,117,18,1,6671.0,10,2797.0,227
B-26571,120,9,118,7,5,7472.0,3,1037.0,228
B-26571,120,2,118,7,5,9548.0,9,1806.0,229
B-25400,121,2,119,1,1,7759.0,17,3741.0,230
B-25400,122,2,120,9,1,7759.0,17,3741.0,231
B-25400,121,7,119,1,2,7521.0,16,3457.0,232
B-25400,122,7,120,9,2,7521.0,16,3457.0,233
B-25885,123,3,121,16,5,9704.0,12,4339.0,234
B-25885,123,2,121,16,2,4948.0,18,2356.0,235
B-25885,123,1,121,16,2,6435.0,10,334.0,236
B-25004,124,7,122,12,5,9965.0,16,3033.0,237
B-25004,125,7,123,3,5,9965.0,16,3033.0,238
B-26213,126,8,124,8,1,1523.0,3,234.0,239
B-26213,126,1,124,8,2,9073.0,7,424.0,240
B-25025,127,4,125,8,5,6447.0,20,3079.0,241
B-25025,127,1,125,8,4,8947.0,6,2807.0,242
B-26804,128,3,126,5,2,914.0,8,400.0,243
B-26804,128,9,126,5,4,1548.0,3,666.0,244
B-26797,129,5,2,6,4,2759.0,6,1149.0,245
B-26556,130,4,127,4,1,1341.0,4,615.0,246
B-25861,131,1,128,15,2,9851.0,19,2669.0,247
B-25861,132,1,129,3,2,9851.0,19,2669.0,248
B-25861,133,1,130,4,2,9851.0,19,2669.0,249
B-25861,131,5,128,15,2,9989.0,14,3930.0,250
B-25861,132,5,129,3,2,9989.0,14,3930.0,251
B-25861,133,5,130,4,2,9989.0,14,3930.0,252
B-25112,134,5,131,16,5,7421.0,10,958.0,253
B-25112,135,5,40,16,5,7421.0,10,958.0,254
B-25112,136,5,132,9,5,7421.0,10,958.0,255
B-25223,137,9,20,3,5,3099.0,1,479.0,256
B-25223,137,11,20,3,5,2521.0,7,906.0,257
B-25714,138,1,133,9,1,6962.0,12,3429.0,258
B-25714,139,1,134,1,1,6962.0,12,3429.0,259
B-26607,140,12,135,3,1,1085.0,20,301.0,260
B-25038,141,6,136,14,2,738.0,2,342.0,261
B-25038,142,6,137,3,2,738.0,2,342.0,262
B-25038,143,6,138,14,2,738.0,2,342.0,263
B-25038,144,6,139,6,2,738.0,2,342.0,264
B-26672,145,1,140,13,3,1366.0,17,242.0,265
B-26672,145,7,140,13,4,1518.0,13,155.0,266
B-25747,146,11,141,3,5,2962.0,1,1470.0,267
B-25747,147,11,142,17,5,2962.0,1,1470.0,268
B-25747,146,2,141,3,1,7131.0,12,718.0,269
B-25747,147,2,142,17,1,7131.0,12,718.0,270
B-25747,146,7,141,3,3,4200.0,10,855.0,271
B-25747,147,7,142,17,3,4200.0,10,855.0,272
B-26322,148,7,143,18,3,5934.0,2,1563.0,273
B-26613,149,2,144,6,1,2701.0,11,322.0,274
B-26613,149,9,144,6,5,7273.0,18,2702.0,275
B-25413,150,7,145,12,2,2465.0,18,699.0,276
B-26466,151,7,146,9,3,3479.0,2,1087.0,277
B-26466,151,2,146,9,3,5457.0,7,1765.0,278
B-26610,152,7,147,15,4,4957.0,8,1152.0,279
B-26209,153,3,148,13,2,4404.0,17,858.0,280
B-26209,153,8,148,13,4,8776.0,15,2529.0,281
B-26622,154,11,149,4,1,9536.0,9,1437.0,282
B-26622,154,8,149,4,4,2225.0,7,589.0,283
B-26601,155,12,150,12,1,9574.0,19,4045.0,284
B-26601,155,1,150,12,5,4382.0,17,482.0,285
B-25894,156,4,151,14,5,8200.0,19,257.0,286
B-25894,156,8,151,14,4,9316.0,13,3003.0,287
B-25894,156,1,151,14,5,6379.0,15,3128.0,288
B-26969,157,7,152,15,4,3348.0,5,568.0,289
B-26969,158,7,153,8,4,3348.0,5,568.0,290
B-26969,157,3,152,15,2,8856.0,9,2020.0,291
B-26969,158,3,153,8,2,8856.0,9,2020.0,292
B-26312,159,8,154,13,2,1760.0,16,619.0,293
B-26312,160,8,155,16,2,1760.0,16,619.0,294
B-26312,159,2,154,13,1,6351.0,15,986.0,295
B-26312,160,2,155,16,1,6351.0,15,986.0,296
B-26837,161,9,156,6,4,869.0,14,373.0,297
B-26837,162,9,157,15,4,869.0,14,373.0,298
B-26837,161,12,156,6,1,1486.0,7,114.0,299
B-26837,162,12,157,15,1,1486.0,7,114.0,300
B-26166,163,10,158,2,5,2999.0,13,145.0,301
B-26166,163,9,158,2,3,5142.0,20,1916.0,302
B-25695,164,4,159,8,1,1239.0,17,575.0,303
B-25695,165,4,160,7,1,1239.0,17,575.0,304
B-25695,164,1,159,8,3,1262.0,16,515.0,305
B-25695,165,1,160,7,3,1262.0,16,515.0,306
B-26068,166,12,161,8,5,1033.0,5,254.0,307
B-26023,167,2,162,10,1,1518.0,19,159.0,308
B-26677,168,9,163,18,2,8581.0,2,2444.0,309
B-26677,169,9,164,4,2,8581.0,2,2444.0,310
B-25701,170,3,165,11,1,1167.0,5,463.0,311
B-25701,170,4,165,11,4,2841.0,20,803.0,312
B-25701,170,5,165,11,1,5680.0,19,2159.0,313
B-26523,171,3,166,2,1,8204.0,6,2382.0,314
B-26523,172,3,98,3,1,8204.0,6,2382.0,315
B-26523,171,11,166,2,3,2850.0,6,904.0,316
B-26523,172,11,98,3,3,2850.0,6,904.0,317
B-25880,173,3,167,6,4,907.0,9,391.0,318
B-26898,174,3,168,14,4,2174.0,19,265.0,319
B-26898,174,1,168,14,4,8541.0,12,2029.0,320
B-26898,174,12,168,14,3,1931.0,3,551.0,321
B-26035,175,1,169,11,2,1281.0,3,340.0,322
B-26035,175,4,169,11,5,2404.0,15,253.0,323
B-25573,176,8,170,5,5,2119.0,1,196.0,324
B-25463,177,3,171,2,2,3137.0,9,571.0,325
B-26277,178,5,172,9,5,2323.0,7,727.0,326
B-26277,178,12,172,9,1,1368.0,9,406.0,327
B-26508,179,4,173,1,4,9204.0,16,3289.0,328
B-26508,180,4,174,1,4,9204.0,16,3289.0,329
B-26508,179,9,173,1,3,9894.0,20,3698.0,330
B-26508,180,9,174,1,3,9894.0,20,3698.0,331
B-26723,181,8,175,16,5,5322.0,18,1423.0,332
B-26723,182,8,176,9,5,5322.0,18,1423.0,333
B-25526,183,6,177,15,5,2666.0,14,559.0,334
B-25645,184,8,178,4,1,8383.0,4,937.0,335
B-25757,185,9,179,2,3,7560.0,4,821.0,336
B-26716,186,8,180,3,1,1314.0,16,490.0,337
B-26716,186,5,180,3,2,4390.0,1,179.0,338
B-26716,186,10,180,3,2,1150.0,7,58.0,339
B-25424,187,3,181,10,3,1574.0,17,258.0,340
B-25424,187,10,181,10,1,5635.0,17,318.0,341
B-25424,187,8,181,10,2,6515.0,11,961.0,342
B-26453,188,4,182,13,2,1231.0,20,214.0,343
B-26453,189,4,183,8,2,1231.0,20,214.0,344
B-26425,190,10,184,15,2,6891.0,3,2529.0,345
B-25843,191,4,185,11,3,7524.0,15,2308.0,346
B-25843,191,2,185,11,4,6864.0,14,1824.0,347
B-25486,192,6,186,13,2,4215.0,14,432.0,348
B-26975,193,12,187,10,4,622.0,19,218.0,349
B-26975,193,3,187,10,1,1755.0,18,495.0,350
B-26975,193,1,187,10,3,8020.0,20,3898.0,351
B-26890,194,4,188,3,4,7333.0,4,1576.0,352
B-26125,195,1,189,8,5,7690.0,4,1134.0,353
B-26125,195,8,189,8,3,912.0,2,246.0,354
B-26489,196,4,190,11,5,2791.0,14,894.0,355
B-26489,197,4,191,14,5,2791.0,14,894.0,356
B-26489,198,4,192,9,5,2791.0,14,894.0,357
B-26489,196,8,190,11,2,6223.0,3,1478.0,358
B-26489,197,8,191,14,2,6223.0,3,1478.0,359
B-26489,198,8,192,9,2,6223.0,3,1478.0,360
B-26489,196,6,190,11,2,8943.0,17,3121.0,361
B-26489,197,6,191,14,2,8943.0,17,3121.0,362
B-26489,198,6,192,9,2,8943.0,17,3121.0,363
B-26489,196,11,190,11,4,3297.0,12,102.0,364
B-26489,197,11,191,14,4,3297.0,12,102.0,365
B-26489,198,11,192,9,4,3297.0,12,102.0,366
B-26043,199,9,193,2,1,8769.0,20,1989.0,367
B-26557,200,2,194,4,5,9057.0,19,1888.0,368
B-26557,200,5,194,4,4,6864.0,11,3275.0,369
B-26557,200,4,194,4,5,9200.0,13,809.0,370
B-25243,201,4,195,4,1,6113.0,6,2508.0,371
B-25243,201,5,195,4,3,7733.0,15,2784.0,372
B-25243,201,5,195,4,5,8524.0,14,154.0,373
B-25243,201,12,195,4,3,6187.0,15,2344.0,374
B-26932,202,5,196,14,3,4364.0,18,148.0,375
B-26932,202,3,196,14,3,736.0,12,286.0,376
B-25241,203,3,197,9,3,9905.0,17,633.0,377
B-25241,204,3,198,17,3,9905.0,17,633.0,378
B-25044,205,9,199,7,4,2493.0,9,1221.0,379
B-25044,205,3,199,7,4,9849.0,1,963.0,380
B-26137,206,2,200,18,4,3423.0,4,804.0,381
B-26137,207,2,201,9,4,3423.0,4,804.0,382
B-26137,208,2,202,11,4,3423.0,4,804.0,383
B-26137,209,2,9,9,4,3423.0,4,804.0,384
B-26137,210,2,203,14,4,3423.0,4,804.0,385
B-25545,211,6,204,7,5,3900.0,9,115.0,386
B-26800,212,1,205,8,1,8568.0,11,2419.0,387
B-26800,212,3,205,8,3,3283.0,6,71.0,388
B-26987,213,1,206,9,3,7643.0,19,3720.0,389
B-26144,214,8,207,2,3,3461.0,15,1537.0,390
B-26144,214,1,207,2,4,5714.0,6,1438.0,391
B-26144,214,10,207,2,5,3853.0,10,1457.0,392
B-25406,215,3,208,2,1,6016.0,20,431.0,393
B-25658,216,7,209,3,1,1290.0,12,204.0,394
B-25658,217,7,210,12,1,1290.0,12,204.0,395
B-25733,218,2,211,7,1,4569.0,10,1693.0,396
B-26993,219,12,212,4,2,3083.0,16,1151.0,397
B-26964,220,3,213,15,4,3522.0,15,898.0,398
B-26964,221,3,214,5,4,3522.0,15,898.0,399
B-26955,222,10,215,16,2,7301.0,3,3602.0,400
B-26059,223,4,216,7,5,4462.0,8,121.0,401
B-26059,223,11,216,7,5,6212.0,17,1881.0,402
B-26806,224,12,217,17,3,4027.0,3,1386.0,403
B-26299,225,4,218,15,3,1676.0,14,330.0,404
B-26299,225,12,218,15,5,3927.0,12,1133.0,405
B-26299,225,11,218,15,2,2776.0,9,887.0,406
B-26743,226,8,219,2,5,7684.0,12,1157.0,407
B-26743,227,8,220,3,5,7684.0,12,1157.0,408
B-26743,228,8,28,13,5,7684.0,12,1157.0,409
B-26757,229,11,177,1,4,6008.0,17,2498.0,410
B-26772,230,12,221,9,5,7344.0,20,2598.0,411
B-26088,231,3,222,4,5,6932.0,20,3218.0,412
B-26319,232,1,223,14,3,7748.0,16,1706.0,413
B-26319,232,7,223,14,1,6381.0,20,2763.0,414
B-26319,232,11,223,14,4,992.0,6,64.0,415
B-25364,233,4,224,12,3,8649.0,13,2631.0,416
B-25364,234,4,225,8,3,8649.0,13,2631.0,417
B-25655,235,4,128,6,1,4099.0,18,52.0,418
B-26864,236,1,226,12,1,2539.0,5,324.0,419
B-26019,237,9,227,4,5,9845.0,9,3062.0,420
B-25849,238,9,228,11,2,2901.0,2,1411.0,421
B-25849,239,9,229,5,2,2901.0,2,1411.0,422
B-25849,238,3,228,11,4,6934.0,6,1152.0,423
B-25849,239,3,229,5,4,6934.0,6,1152.0,424
B-25829,240,12,230,18,4,9640.0,2,2606.0,425
B-26065,241,6,231,15,4,7930.0,13,1981.0,426
B-26065,242,6,232,7,4,7930.0,13,1981.0,427
B-25267,243,10,233,10,5,9894.0,1,829.0,428
B-25267,243,5,233,10,5,4534.0,4,2235.0,429
B-25972,244,11,234,3,2,4911.0,20,186.0,430
B-25972,244,12,234,3,2,531.0,20,189.0,431
B-25511,245,1,235,18,3,9707.0,10,3483.0,432
B-25511,245,9,235,18,5,8521.0,7,2584.0,433
B-25744,246,10,214,3,4,8438.0,12,3427.0,434
B-25744,246,1,214,3,1,1689.0,9,109.0,435
B-25744,246,9,214,3,5,3936.0,14,1626.0,436
B-26805,247,11,236,14,2,7664.0,19,1753.0,437
B-25620,248,4,237,18,2,721.0,13,258.0,438
B-25620,249,4,238,3,2,721.0,13,258.0,439
B-25620,248,4,237,18,4,8364.0,17,3055.0,440
B-25620,249,4,238,3,4,8364.0,17,3055.0,441
B-25620,248,12,237,18,3,5234.0,15,2021.0,442
B-25620,249,12,238,3,3,5234.0,15,2021.0,443
B-25325,250,11,239,12,4,3944.0,18,1559.0,444
B-25325,250,3,239,12,4,6711.0,12,1045.0,445
B-25325,250,5,239,12,4,5031.0,4,714.0,446
B-25325,250,10,239,12,3,6295.0,14,2469.0,447
B-25131,251,9,46,12,1,9654.0,1,4111.0,448
B-25131,251,10,46,12,5,3112.0,20,1065.0,449
B-26654,252,11,240,12,1,7838.0,13,1142.0,450
B-26654,252,11,240,12,4,9300.0,6,3146.0,451
B-26654,252,9,240,12,2,1733.0,17,133.0,452
B-26195,253,10,241,8,2,874.0,15,235.0,453
B-26195,254,10,242,1,2,874.0,15,235.0,454
B-25842,255,3,243,13,3,1248.0,13,584.0,455
B-25842,256,3,244,12,3,1248.0,13,584.0,456
B-25842,255,7,243,13,3,3669.0,14,154.0,457
B-25842,256,7,244,12,3,3669.0,14,154.0,458
B-25842,255,9,243,13,2,514.0,15,109.0,459
B-25842,256,9,244,12,2,514.0,15,109.0,460
B-25851,257,11,245,14,1,3273.0,16,85.0,461
B-25427,258,6,246,1,5,5035.0,2,2008.0,462
B-25427,258,2,246,1,1,7702.0,19,60.0,463
B-25427,258,2,246,1,3,9884.0,7,4446.0,464
B-26224,259,4,247,2,5,5564.0,11,175.0,465
B-26224,260,4,248,16,5,5564.0,11,175.0,466
B-26224,261,4,249,1,5,5564.0,11,175.0,467
B-26224,259,1,247,2,1,3953.0,15,1776.0,468
B-26224,260,1,248,16,1,3953.0,15,1776.0,469
B-26224,261,1,249,1,1,3953.0,15,1776.0,470
B-26896,262,2,250,9,3,6488.0,18,1591.0,471
B-26896,263,2,251,16,3,6488.0,18,1591.0,472
B-26469,264,1,119,4,1,7856.0,17,3699.0,473
B-26469,264,3,119,4,3,1165.0,3,51.0,474
B-26219,265,7,252,10,4,9386.0,20,2555.0,475
B-26219,266,7,118,15,4,9386.0,20,2555.0,476
B-26119,267,3,101,17,2,3956.0,12,142.0,477
B-26119,268,3,253,9,2,3956.0,12,142.0,478
B-26119,267,12,101,17,3,6449.0,11,2628.0,479
B-26119,268,12,253,9,3,6449.0,11,2628.0,480
B-26988,269,7,254,8,5,6255.0,18,437.0,481
B-26988,269,1,254,8,1,2109.0,20,681.0,482
B-25596,270,11,255,11,4,6707.0,20,1041.0,483
B-26845,271,3,256,7,5,7633.0,13,184.0,484
B-25099,272,3,257,10,5,975.0,18,224.0,485
B-25099,272,5,257,10,3,4492.0,7,1450.0,486
B-25099,272,6,257,10,1,7957.0,12,2834.0,487
B-26153,273,5,258,16,2,4906.0,7,975.0,488
B-25060,274,3,259,3,4,1379.0,3,250.0,489
B-25060,274,4,259,3,2,4244.0,10,340.0,490
B-26572,275,12,260,10,3,5911.0,14,2333.0,491
B-26572,276,12,261,12,3,5911.0,14,2333.0,492
B-26572,275,7,260,10,3,1818.0,11,738.0,493
B-26572,276,7,261,12,3,1818.0,11,738.0,494
B-25919,277,9,225,10,4,2140.0,4,970.0,495
B-25919,278,9,262,4,4,2140.0,4,970.0,496
B-25919,279,9,106,12,4,2140.0,4,970.0,497
B-25919,277,4,225,10,2,2670.0,1,1026.0,498
B-25919,278,4,262,4,2,2670.0,1,1026.0,499
B-25919,279,4,106,12,2,2670.0,1,1026.0,500
B-26978,280,4,263,7,2,1108.0,18,167.0,501
B-26978,280,10,263,7,1,9776.0,9,3750.0,502
B-26978,280,12,263,7,5,535.0,6,72.0,503
B-26554,281,9,195,17,4,7564.0,5,3463.0,504
B-26554,282,9,264,18,4,7564.0,5,3463.0,505
B-26554,283,9,265,1,4,7564.0,5,3463.0,506
B-26554,284,9,266,16,4,7564.0,5,3463.0,507
B-26554,281,1,195,17,1,3409.0,20,1605.0,508
B-26554,282,1,264,18,1,3409.0,20,1605.0,509
B-26554,283,1,265,1,1,3409.0,20,1605.0,510
B-26554,284,1,266,16,1,3409.0,20,1605.0,511
B-26883,285,3,267,3,5,9751.0,13,2459.0,512
B-25423,286,2,268,4,4,6385.0,11,2656.0,513
B-25423,287,2,269,17,4,6385.0,11,2656.0,514
B-26324,288,1,270,11,2,6355.0,15,1335.0,515
B-26324,289,1,271,11,2,6355.0,15,1335.0,516
B-26945,290,2,272,11,2,7377.0,15,320.0,517
B-26945,290,7,272,11,3,2054.0,12,371.0,518
B-26405,291,6,273,18,5,7497.0,18,319.0,519
B-26046,292,1,62,1,2,2565.0,20,983.0,520
B-26046,292,3,62,1,5,5024.0,19,1544.0,521
B-25746,293,10,274,16,2,8243.0,15,1346.0,522
B-25232,294,9,275,18,1,7792.0,13,1403.0,523
B-25232,295,9,244,8,1,7792.0,13,1403.0,524
B-25232,296,9,276,10,1,7792.0,13,1403.0,525
B-25232,294,6,275,18,2,2346.0,14,388.0,526
B-25232,295,6,244,8,2,2346.0,14,388.0,527
B-25232,296,6,276,10,2,2346.0,14,388.0,528
B-25591,297,8,277,13,4,7346.0,10,1043.0,529
B-25591,297,1,277,13,1,9770.0,7,4132.0,530
B-25591,297,4,277,13,4,7179.0,13,683.0,531
B-26325,298,11,278,1,1,5449.0,2,2389.0,532
B-25251,299,6,279,3,5,2895.0,6,104.0,533
B-25251,300,6,280,16,5,2895.0,6,104.0,534
B-25251,299,6,279,3,1,697.0,1,116.0,535
B-25251,300,6,280,16,1,697.0,1,116.0,536
B-25464,301,6,281,5,5,6145.0,4,1414.0,537
B-25464,301,2,281,5,1,2504.0,18,440.0,538
B-25464,301,11,281,5,2,3124.0,16,138.0,539
B-26678,302,1,282,14,2,6934.0,1,1226.0,540
B-26678,285,1,77,8,2,6934.0,1,1226.0,541
B-25962,303,7,283,18,5,4202.0,3,1171.0,542
B-25962,304,7,284,8,5,4202.0,3,1171.0,543
B-25962,305,7,285,17,5,4202.0,3,1171.0,544
B-25962,306,7,7,16,5,4202.0,3,1171.0,545
B-26586,307,2,286,5,1,2239.0,1,828.0,546
B-26586,308,2,287,2,1,2239.0,1,828.0,547
B-26586,307,11,286,5,2,2450.0,4,1002.0,548
B-26586,308,11,287,2,2,2450.0,4,1002.0,549
B-26841,309,6,288,6,2,9827.0,13,4208.0,550
B-26841,309,8,288,6,4,8077.0,15,240.0,551
B-26284,310,11,289,7,1,5152.0,14,2045.0,552
B-26284,311,11,290,5,1,5152.0,14,2045.0,553
B-26284,312,11,291,2,1,5152.0,14,2045.0,554
B-26284,313,11,292,8,1,5152.0,14,2045.0,555
B-26478,314,7,293,16,4,2542.0,1,190.0,556
B-26679,315,7,294,12,1,8102.0,5,1800.0,557
B-26679,316,7,295,3,1,8102.0,5,1800.0,558
B-26679,317,7,296,15,1,8102.0,5,1800.0,559
B-26679,315,5,294,12,3,3234.0,10,1274.0,560
B-26679,316,5,295,3,3,3234.0,10,1274.0,561
B-26679,317,5,296,15,3,3234.0,10,1274.0,562
B-26397,318,5,297,5,4,6200.0,18,2321.0,563
B-26397,319,5,298,1,4,6200.0,18,2321.0,564
B-25957,320,4,171,5,1,4470.0,13,413.0,565
B-26916,321,3,299,7,1,916.0,7,362.0,566
B-26916,322,3,300,12,1,916.0,7,362.0,567
B-26916,321,8,299,7,1,1165.0,20,302.0,568
B-26916,322,8,300,12,1,1165.0,20,302.0,569
B-26916,321,6,299,7,1,7846.0,12,677.0,570
B-26916,322,6,300,12,1,7846.0,12,677.0,571
B-25925,323,3,301,11,4,3022.0,1,384.0,572
B-25925,324,3,302,2,4,3022.0,1,384.0,573
B-25925,323,1,301,11,2,5266.0,13,1111.0,574
B-25925,324,1,302,2,2,5266.0,13,1111.0,575
B-25602,325,3,303,4,2,4853.0,9,1764.0,576
B-25602,326,3,304,16,2,4853.0,9,1764.0,577
B-26592,327,3,24,12,5,9832.0,1,1270.0,578
B-26592,327,3,24,12,4,796.0,15,153.0,579
B-26251,328,6,305,12,5,883.0,7,127.0,580
B-26251,328,12,305,12,2,4539.0,8,1155.0,581
B-26251,328,10,305,12,2,9659.0,16,2226.0,582
B-25979,329,2,306,10,2,9562.0,2,325.0,583
B-25437,330,4,307,12,4,4688.0,3,1841.0,584
B-25437,331,4,3,10,4,4688.0,3,1841.0,585
B-26986,332,11,308,13,5,7900.0,4,482.0,586
B-25990,333,12,277,14,5,6967.0,17,3257.0,587
B-25990,333,9,277,14,5,1091.0,6,277.0,588
B-25990,333,10,277,14,4,6027.0,2,1530.0,589
B-25222,334,5,309,9,3,4852.0,2,218.0,590
B-25222,335,5,310,17,3,4852.0,2,218.0,591
B-25222,336,5,311,7,3,4852.0,2,218.0,592
B-26402,337,8,312,17,5,4314.0,6,1453.0,593
B-26792,338,3,313,11,3,3288.0,3,1477.0,594
B-26792,339,3,314,7,3,3288.0,3,1477.0,595
B-25154,340,10,315,6,4,3977.0,5,813.0,596
B-26114,341,2,316,2,3,6252.0,2,1377.0,597
B-26485,342,3,317,3,2,9084.0,12,3253.0,598
B-26191,343,11,318,10,4,8994.0,15,1481.0,599
B-26754,344,7,319,9,3,1089.0,16,176.0,600
B-25953,345,10,320,7,1,6690.0,19,1001.0,601
B-25953,346,10,203,2,1,6690.0,19,1001.0,602
B-25953,345,12,320,7,4,4985.0,10,1920.0,603
B-25953,346,12,203,2,4,4985.0,10,1920.0,604
B-26516,347,1,321,1,3,8590.0,15,3565.0,605
B-26516,347,5,321,1,5,6973.0,10,3038.0,606
B-26843,215,2,322,9,3,4591.0,19,1941.0,607
B-26843,215,3,322,9,4,9612.0,17,2572.0,608
B-26167,348,6,323,10,3,5343.0,1,655.0,609
B-26972,349,7,56,7,2,6956.0,20,318.0,610
B-25673,350,5,324,3,3,5306.0,17,2405.0,611
B-26587,351,8,325,6,1,8982.0,17,448.0,612
B-26587,351,9,325,6,2,4826.0,5,562.0,613
B-26668,352,3,113,14,3,972.0,15,106.0,614
B-26906,353,7,326,1,4,3665.0,4,802.0,615
B-26906,354,7,327,17,4,3665.0,4,802.0,616
B-25226,355,3,328,5,1,9808.0,2,2117.0,617
B-25166,356,6,329,15,1,1133.0,17,73.0,618
B-25166,357,6,330,10,1,1133.0,17,73.0,619
B-25166,356,12,329,15,5,6248.0,19,1168.0,620
B-25166,357,12,330,10,5,6248.0,19,1168.0,621
B-25454,358,1,331,17,4,5666.0,17,2733.0,622
B-26215,359,7,332,9,5,4171.0,18,1450.0,623
B-25777,360,2,333,7,4,6236.0,7,2839.0,624
B-25777,361,2,334,4,4,6236.0,7,2839.0,625
B-25383,362,6,335,5,4,5410.0,8,2456.0,626
B-25383,363,6,336,17,4,5410.0,8,2456.0,627
B-26409,364,8,337,5,4,3024.0,1,1353.0,628
B-26409,365,8,338,13,4,3024.0,1,1353.0,629
B-26684,366,7,117,7,1,7434.0,5,2851.0,630
B-26726,367,1,339,9,2,7213.0,19,508.0,631
B-26726,368,1,340,14,2,7213.0,19,508.0,632
B-26726,367,5,339,9,3,3176.0,9,586.0,633
B-26726,368,5,340,14,3,3176.0,9,586.0,634
B-26136,369,10,341,1,4,9144.0,18,2220.0,635
B-26098,370,5,342,16,3,4146.0,19,865.0,636
B-26098,370,5,342,16,3,3793.0,7,875.0,637
B-25430,371,8,343,5,5,7169.0,11,2385.0,638
B-25430,371,6,343,5,4,4046.0,18,417.0,639
B-25266,372,11,344,10,5,4164.0,11,905.0,640
B-25266,372,5,344,10,1,5389.0,5,2196.0,641
B-25283,373,8,345,6,5,5448.0,5,2204.0,642
B-25227,374,8,157,4,1,4115.0,1,1285.0,643
B-25227,374,5,157,4,1,4761.0,12,2231.0,644
B-25669,375,10,346,3,3,5899.0,6,2264.0,645
B-25064,376,6,347,3,3,6109.0,9,3040.0,646
B-25064,377,6,348,8,3,6109.0,9,3040.0,647
B-25064,376,1,347,3,1,4628.0,17,1491.0,648
B-25064,377,1,348,8,1,4628.0,17,1491.0,649
B-26268,378,3,130,18,4,4369.0,13,584.0,650
B-26268,379,3,349,11,4,4369.0,13,584.0,651
B-25456,380,8,350,5,4,5632.0,20,2358.0,652
B-25456,381,8,351,1,4,5632.0,20,2358.0,653
B-25456,382,8,352,15,4,5632.0,20,2358.0,654
B-25495,383,9,353,10,1,7519.0,14,402.0,655
B-25495,383,1,353,10,2,1564.0,13,674.0,656
B-26552,384,1,354,11,4,2804.0,10,936.0,657
B-26552,385,1,355,17,4,2804.0,10,936.0,658
B-26552,386,1,356,17,4,2804.0,10,936.0,659
B-25203,387,6,357,7,3,2321.0,6,505.0,660
B-25462,388,4,358,17,5,5730.0,6,482.0,661
B-26145,389,8,180,2,5,7441.0,12,867.0,662
B-26145,390,8,359,11,5,7441.0,12,867.0,663
B-25552,391,10,79,6,1,1732.0,7,766.0,664
B-25552,391,9,79,6,3,8788.0,19,3944.0,665
B-26069,392,7,360,13,3,838.0,11,271.0,666
B-26069,393,7,361,18,3,838.0,11,271.0,667
B-26069,392,5,360,13,1,3577.0,2,699.0,668
B-26069,393,5,361,18,1,3577.0,2,699.0,669
B-25120,394,11,362,9,2,7122.0,6,1836.0,670
B-25120,395,11,363,16,2,7122.0,6,1836.0,671
B-25120,396,11,364,6,2,7122.0,6,1836.0,672
B-25120,394,7,362,9,4,7327.0,15,2596.0,673
B-25120,395,7,363,16,4,7327.0,15,2596.0,674
B-25120,396,7,364,6,4,7327.0,15,2596.0,675
B-26146,397,2,365,17,5,2239.0,18,1094.0,676
B-26146,397,7,365,17,5,4932.0,1,1153.0,677
B-25549,398,2,366,4,1,4609.0,8,1084.0,678
B-25549,398,9,366,4,1,2328.0,4,788.0,679
B-25549,398,2,366,4,2,4734.0,7,958.0,680
B-25488,399,8,367,6,1,1388.0,5,345.0,681
B-25488,399,4,367,6,4,8555.0,8,1638.0,682
B-26885,400,5,368,9,4,9024.0,4,730.0,683
B-26885,400,4,368,9,4,2468.0,4,418.0,684
B-25703,401,1,369,4,5,9438.0,4,1801.0,685
B-25703,402,1,370,11,5,9438.0,4,1801.0,686
B-25809,403,11,371,15,1,2685.0,18,379.0,687
B-25809,404,11,175,17,1,2685.0,18,379.0,688
B-25809,403,6,371,15,1,9916.0,14,4602.0,689
B-25809,404,6,175,17,1,9916.0,14,4602.0,690
B-25809,403,1,371,15,4,6184.0,14,50.0,691
B-25809,404,1,175,17,4,6184.0,14,50.0,692
B-25809,403,7,371,15,2,4548.0,8,2135.0,693
B-25809,404,7,175,17,2,4548.0,8,2135.0,694
B-25477,405,7,372,8,5,7195.0,7,1665.0,695
B-25477,406,7,373,3,5,7195.0,7,1665.0,696
B-26018,407,12,374,11,5,3098.0,18,957.0,697
B-25329,408,5,375,10,4,5412.0,18,1192.0,698
B-25329,409,5,376,5,4,5412.0,18,1192.0,699
B-25182,410,6,377,6,4,1397.0,11,686.0,700
B-25492,411,6,378,3,3,9279.0,14,552.0,701
B-25492,412,6,379,12,3,9279.0,14,552.0,702
B-25492,411,9,378,3,4,2596.0,19,1003.0,703
B-25492,412,9,379,12,4,2596.0,19,1003.0,704
B-25517,413,12,380,3,3,6732.0,19,911.0,705
B-25517,413,3,380,3,3,4495.0,14,1408.0,706
B-25200,414,9,381,3,1,9653.0,6,2471.0,707
B-26009,415,5,382,18,1,8945.0,10,1728.0,708
B-26580,416,12,300,13,5,4007.0,13,201.0,709
B-26580,417,12,104,9,5,4007.0,13,201.0,710
B-25679,418,12,300,17,3,810.0,18,231.0,711
B-26034,419,12,383,8,2,9789.0,18,2071.0,712
B-26034,419,1,383,8,5,9229.0,8,4090.0,713
B-25148,420,7,57,8,2,8141.0,18,3968.0,714
B-25148,421,7,384,18,2,8141.0,18,3968.0,715
B-25148,420,8,57,8,3,1067.0,14,251.0,716
B-25148,421,8,384,18,3,1067.0,14,251.0,717
B-25830,422,10,385,5,1,3839.0,10,1415.0,718
B-25830,423,10,361,4,1,3839.0,10,1415.0,719
B-25762,424,1,386,11,5,2858.0,13,482.0,720
B-26794,425,12,219,6,2,2137.0,12,638.0,721
B-26794,425,6,219,6,2,2831.0,12,1289.0,722
B-25011,426,8,387,13,1,3913.0,15,961.0,723
B-25011,427,8,388,12,1,3913.0,15,961.0,724
B-25515,428,9,389,17,5,4468.0,9,1940.0,725
B-25369,429,4,390,14,4,1579.0,9,602.0,726
B-25369,430,4,391,9,4,1579.0,9,602.0,727
B-25369,431,4,85,14,4,1579.0,9,602.0,728
B-25369,432,4,392,8,4,1579.0,9,602.0,729
B-25369,429,6,390,14,3,3760.0,19,1849.0,730
B-25369,430,6,391,9,3,3760.0,19,1849.0,731
B-25369,431,6,85,14,3,3760.0,19,1849.0,732
B-25369,432,6,392,8,3,3760.0,19,1849.0,733
B-26222,433,3,393,2,4,8706.0,14,3099.0,734
B-26222,433,1,393,2,4,4708.0,14,696.0,735
B-26222,433,6,393,2,5,8089.0,17,3132.0,736
B-25316,434,2,394,11,2,5462.0,12,673.0,737
B-25507,435,1,395,17,4,6392.0,18,444.0,738
B-25846,436,1,396,4,2,8706.0,3,1724.0,739
B-25763,437,3,139,1,1,2349.0,4,319.0,740
B-25763,437,6,139,1,1,8220.0,14,3882.0,741
B-25763,437,6,139,1,2,2379.0,7,279.0,742
B-25763,437,7,139,1,1,7377.0,4,2049.0,743
B-25465,438,5,397,15,4,717.0,16,158.0,744
B-25465,439,5,398,1,4,717.0,16,158.0,745
B-25465,440,5,57,3,4,717.0,16,158.0,746
B-25465,441,5,399,6,4,717.0,16,158.0,747
B-25465,442,5,400,4,4,717.0,16,158.0,748
B-25465,443,5,401,8,4,717.0,16,158.0,749
B-25465,438,8,397,15,1,508.0,17,177.0,750
B-25465,439,8,398,1,1,508.0,17,177.0,751
B-25465,440,8,57,3,1,508.0,17,177.0,752
B-25465,441,8,399,6,1,508.0,17,177.0,753
B-25465,442,8,400,4,1,508.0,17,177.0,754
B-25465,443,8,401,8,1,508.0,17,177.0,755
B-26352,444,2,402,2,2,9382.0,3,1085.0,756
B-26352,445,2,53,8,2,9382.0,3,1085.0,757
B-26352,444,5,402,2,5,4936.0,19,576.0,758
B-26352,445,5,53,8,5,4936.0,19,576.0,759
B-26528,446,8,195,12,5,2663.0,19,64.0,760
B-26528,447,8,205,15,5,2663.0,19,64.0,761
B-26670,448,2,403,16,3,5151.0,5,1680.0,762
B-25331,449,3,404,8,1,2514.0,8,95.0,763
B-25832,450,4,405,6,3,6129.0,2,2976.0,764
B-25832,450,12,405,6,5,4395.0,3,1663.0,765
B-25897,451,6,406,14,1,5393.0,8,2642.0,766
B-25713,452,11,126,3,4,2280.0,8,509.0,767
B-25065,453,9,356,14,2,6596.0,9,1439.0,768
B-25949,454,9,407,5,3,4510.0,5,1896.0,769
B-26033,455,11,233,6,5,6077.0,18,2378.0,770
B-26017,456,2,212,13,5,5379.0,17,2510.0,771
B-26926,457,7,408,10,3,4629.0,16,1660.0,772
B-26258,458,4,409,2,2,2710.0,20,555.0,773
B-26258,458,10,409,2,1,3224.0,14,1018.0,774
B-26240,459,7,410,7,3,8042.0,15,936.0,775
B-26240,460,7,411,5,3,8042.0,15,936.0,776
B-26922,461,10,412,11,3,3957.0,10,151.0,777
B-26894,462,7,413,2,2,8769.0,16,3178.0,778
B-25330,463,3,414,2,2,2957.0,16,917.0,779
B-26288,464,9,415,9,2,5344.0,6,2607.0,780
B-26288,465,9,416,8,2,5344.0,6,2607.0,781
B-25228,466,4,417,15,3,6061.0,19,2121.0,782
B-25228,467,4,418,10,3,6061.0,19,2121.0,783
B-26457,468,5,419,6,4,5376.0,7,1928.0,784
B-25790,469,2,420,1,5,2792.0,8,1008.0,785
B-25868,470,10,421,13,4,2944.0,5,249.0,786
B-25868,471,10,422,9,4,2944.0,5,249.0,787
B-25381,472,7,423,7,3,4220.0,13,945.0,788
B-25381,473,7,296,18,3,4220.0,13,945.0,789
B-25153,474,10,151,11,2,8526.0,4,1704.0,790
B-26576,475,12,124,12,4,8218.0,19,1430.0,791
B-26526,476,11,424,3,4,599.0,4,265.0,792
B-26526,477,11,425,8,4,599.0,4,265.0,793
B-26526,476,12,424,3,4,2727.0,10,543.0,794
B-26526,477,12,425,8,4,2727.0,10,543.0,795
B-25819,478,3,426,12,3,2589.0,11,605.0,796
B-25819,479,3,367,15,3,2589.0,11,605.0,797
B-25698,480,1,427,11,3,3776.0,9,1100.0,798
B-25698,481,1,428,18,3,3776.0,9,1100.0,799
B-26820,482,12,429,15,3,5402.0,12,1666.0,800
B-25396,483,3,430,18,3,5165.0,16,885.0,801
B-25396,483,12,430,18,3,4863.0,4,2394.0,802
B-25529,484,3,431,4,3,1626.0,15,258.0,803
B-26501,485,5,162,1,3,8851.0,7,3962.0,804
B-26910,486,5,82,8,5,9680.0,9,3295.0,805
B-26910,486,3,82,8,1,8468.0,8,3666.0,806
B-26910,486,6,82,8,2,4441.0,14,314.0,807
B-25978,487,8,432,6,5,6622.0,8,2673.0,808
B-26537,488,5,433,10,1,3260.0,17,207.0,809
B-25881,489,5,337,11,2,8709.0,8,2322.0,810
B-25881,490,5,434,12,2,8709.0,8,2322.0,811
B-25237,491,10,435,14,5,5250.0,1,187.0,812
B-25237,492,10,436,16,5,5250.0,1,187.0,813
B-26122,493,9,437,5,1,4116.0,20,921.0,814
B-26122,494,9,438,7,1,4116.0,20,921.0,815
B-25709,495,9,439,5,1,1109.0,15,418.0,816
B-26656,202,3,353,8,3,3573.0,7,562.0,817
B-26656,496,3,440,10,3,3573.0,7,562.0,818
B-26656,497,3,441,17,3,3573.0,7,562.0,819
B-26656,202,11,353,8,3,8055.0,10,661.0,820
B-26656,496,11,440,10,3,8055.0,10,661.0,821
B-26656,497,11,441,17,3,8055.0,10,661.0,822
B-25801,498,4,442,12,3,6829.0,2,2609.0,823
B-25801,498,9,442,12,5,6390.0,12,3089.0,824
B-25006,499,3,443,12,2,5831.0,17,1574.0,825
B-25006,500,3,115,10,2,5831.0,17,1574.0,826
B-25006,501,3,54,1,2,5831.0,17,1574.0,827
B-26106,502,8,444,18,2,7952.0,8,3865.0,828
B-25789,503,12,445,5,1,3659.0,5,379.0,829
B-26292,504,3,446,7,2,4183.0,4,1159.0,830
B-25895,505,11,199,16,3,7478.0,11,1381.0,831
B-25813,506,11,447,17,5,702.0,9,238.0,832
B-26863,507,6,448,12,3,4037.0,15,1494.0,833
B-25759,508,6,449,2,5,5014.0,2,2332.0,834
B-26357,509,4,124,8,2,9879.0,15,4930.0,835
B-26819,510,11,52,17,2,8762.0,1,3502.0,836
B-25502,511,3,390,6,3,8490.0,1,800.0,837
B-25258,512,8,107,3,1,6951.0,10,164.0,838
B-26878,513,11,450,15,4,1078.0,3,309.0,839
B-26878,514,11,451,2,4,1078.0,3,309.0,840
B-25170,515,10,452,17,3,8560.0,19,2166.0,841
B-25170,515,1,452,17,1,1031.0,20,318.0,842
B-26842,516,7,453,4,2,6402.0,19,2770.0,843
B-26842,517,7,348,4,2,6402.0,19,2770.0,844
B-26842,516,2,453,4,2,5916.0,19,1594.0,845
B-26842,517,2,348,4,2,5916.0,19,1594.0,846
B-26599,518,6,454,12,2,4015.0,15,1751.0,847
B-26599,519,6,438,6,2,4015.0,15,1751.0,848
B-25705,520,1,455,5,5,9335.0,11,557.0,849
B-26366,521,10,456,15,5,4706.0,11,594.0,850
B-26366,522,10,457,13,5,4706.0,11,594.0,851
B-26366,521,7,456,15,1,6584.0,6,371.0,852
B-26366,522,7,457,13,1,6584.0,6,371.0,853
B-26116,523,8,20,9,3,6389.0,1,734.0,854
B-26443,524,2,151,10,2,9869.0,12,4299.0,855
B-26443,525,2,383,3,2,9869.0,12,4299.0,856
B-25955,526,7,458,3,2,655.0,4,297.0,857
B-25955,527,7,459,4,2,655.0,4,297.0,858
B-26383,528,11,460,3,2,798.0,10,308.0,859
B-26383,529,11,461,15,2,798.0,10,308.0,860
B-26383,528,2,460,3,3,7967.0,13,2504.0,861
B-26383,529,2,461,15,3,7967.0,13,2504.0,862
B-26999,530,5,462,1,1,3756.0,5,1318.0,863
B-26712,531,7,463,11,1,5196.0,1,2477.0,864
B-26712,531,12,463,11,2,6586.0,19,1794.0,865
B-26066,532,7,210,3,3,6673.0,19,950.0,866
B-25996,533,5,464,13,1,714.0,14,232.0,867
B-25996,534,5,465,11,1,714.0,14,232.0,868
B-26924,535,3,466,11,5,1083.0,6,501.0,869
B-25541,536,12,231,15,1,2401.0,10,1163.0,870
B-25541,537,12,467,5,1,2401.0,10,1163.0,871
B-25541,538,12,468,8,1,2401.0,10,1163.0,872
B-25541,536,11,231,15,2,1045.0,11,267.0,873
B-25541,537,11,467,5,2,1045.0,11,267.0,874
B-25541,538,11,468,8,2,1045.0,11,267.0,875
B-25196,539,7,469,9,4,7806.0,1,1127.0,876
B-25855,540,8,454,1,4,5263.0,19,1743.0,877
B-25071,541,3,470,9,2,6147.0,6,2526.0,878
B-26159,542,11,471,4,1,7484.0,15,2871.0,879
B-26159,543,11,199,2,1,7484.0,15,2871.0,880
B-26159,542,8,471,4,4,7700.0,1,2712.0,881
B-26159,543,8,199,2,4,7700.0,1,2712.0,882
B-26228,544,7,112,8,1,8537.0,13,3586.0,883
B-25888,545,6,472,10,5,8858.0,6,3394.0,884
B-25574,546,2,261,12,2,5313.0,7,2037.0,885
B-25574,547,2,473,16,2,5313.0,7,2037.0,886
B-26938,548,8,474,5,3,3281.0,7,471.0,887
B-26938,549,8,475,18,3,3281.0,7,471.0,888
B-26379,550,3,476,6,4,8681.0,9,2458.0,889
B-26623,551,8,477,7,3,6195.0,18,1556.0,890
B-25566,552,6,478,8,2,3877.0,16,481.0,891
B-25566,553,6,479,6,2,3877.0,16,481.0,892
B-26740,554,2,480,4,2,9369.0,6,3297.0,893
B-26740,555,2,481,6,2,9369.0,6,3297.0,894
B-26740,554,2,480,4,4,8680.0,20,4068.0,895
B-26740,555,2,481,6,4,8680.0,20,4068.0,896
B-26740,554,4,480,4,1,3067.0,8,1475.0,897
B-26740,555,4,481,6,1,3067.0,8,1475.0,898
B-25024,556,7,419,14,3,9002.0,2,4197.0,899
B-25024,557,7,482,13,3,9002.0,2,4197.0,900
B-26367,558,3,483,13,5,7105.0,19,2782.0,901
B-26353,559,6,18,13,2,5317.0,18,1345.0,902
B-26353,560,6,136,4,2,5317.0,18,1345.0,903
B-26353,561,6,484,12,2,5317.0,18,1345.0,904
B-26353,559,5,18,13,3,6304.0,14,766.0,905
B-26353,560,5,136,4,3,6304.0,14,766.0,906
B-26353,561,5,484,12,3,6304.0,14,766.0,907
B-25742,562,9,72,7,2,9565.0,3,1691.0,908
B-25742,562,9,72,7,3,8245.0,11,324.0,909
B-26965,563,4,139,15,2,1592.0,13,480.0,910
B-26038,564,11,485,13,2,8400.0,5,267.0,911
B-26038,564,9,485,13,3,4963.0,15,1254.0,912
B-25317,565,2,318,10,5,2472.0,5,211.0,913
B-25970,566,6,21,17,2,9132.0,14,3096.0,914
B-25590,567,10,486,8,2,8305.0,6,1577.0,915
B-25580,568,1,487,17,5,1010.0,19,58.0,916
B-25443,569,11,358,9,3,4544.0,9,1726.0,917
B-25443,569,11,358,9,1,5900.0,20,1738.0,918
B-25774,570,7,417,10,4,8861.0,19,3381.0,919
B-26505,571,11,488,14,2,8158.0,13,2052.0,920
B-25163,572,3,489,5,1,3411.0,14,1704.0,921
B-26095,573,7,490,16,1,9406.0,16,1137.0,922
B-26095,573,2,490,16,3,1156.0,15,74.0,923
B-25768,574,12,491,7,1,5354.0,10,743.0,924
B-25328,575,1,492,11,4,8780.0,4,3430.0,925
B-25328,576,1,493,11,4,8780.0,4,3430.0,926
B-26573,577,8,494,13,2,6783.0,8,3306.0,927
B-25138,578,3,495,6,4,1778.0,4,285.0,928
B-26803,579,2,53,8,1,9399.0,12,1949.0,929
B-26803,579,8,53,8,4,7957.0,4,965.0,930
B-25101,580,6,496,7,3,1638.0,13,661.0,931
B-25827,581,5,52,9,5,1786.0,4,224.0,932
B-25792,582,9,497,3,3,4751.0,9,781.0,933
B-25646,583,9,498,2,4,8979.0,4,4477.0,934
B-25043,584,11,499,1,4,2727.0,8,663.0,935
B-26598,585,2,500,18,4,1093.0,17,397.0,936
B-26598,586,2,501,3,4,1093.0,17,397.0,937
B-26598,587,2,502,13,4,1093.0,17,397.0,938
B-26598,585,9,500,18,2,2636.0,11,88.0,939
B-26598,586,9,501,3,2,2636.0,11,88.0,940
B-26598,587,9,502,13,2,2636.0,11,88.0,941
B-26643,588,1,503,1,2,7344.0,7,2251.0,942
B-26643,588,9,503,1,5,7306.0,3,1547.0,943
B-26643,588,2,503,1,5,5832.0,10,2588.0,944
B-25992,589,5,417,7,3,8572.0,8,2041.0,945
B-25992,590,5,504,7,3,8572.0,8,2041.0,946
B-25992,591,5,505,10,3,8572.0,8,2041.0,947
B-25992,589,2,417,7,4,8059.0,10,1834.0,948
B-25992,590,2,504,7,4,8059.0,10,1834.0,949
B-25992,591,2,505,10,4,8059.0,10,1834.0,950
B-25532,592,8,506,11,3,3661.0,13,436.0,951
B-25564,593,9,507,5,3,2451.0,8,342.0,952
B-25564,594,9,51,14,3,2451.0,8,342.0,953
B-25564,595,9,508,16,3,2451.0,8,342.0,954
B-26543,596,5,509,12,4,7067.0,16,1943.0,955
B-25976,597,1,510,6,1,4307.0,3,615.0,956
B-25976,598,1,449,7,1,4307.0,3,615.0,957
B-25976,597,6,510,6,3,5694.0,5,1134.0,958
B-25976,598,6,449,7,3,5694.0,5,1134.0,959
B-25929,599,10,511,7,4,962.0,18,298.0,960
B-25497,600,12,512,3,4,2995.0,14,220.0,961
B-25497,600,7,512,3,2,2047.0,5,914.0,962
B-26735,601,4,513,11,5,2078.0,6,612.0,963
B-25036,602,2,514,6,3,2737.0,3,1253.0,964
B-25971,603,9,197,16,2,8194.0,6,2881.0,965
B-25441,604,8,515,3,4,9914.0,16,3858.0,966
B-25441,605,8,516,8,4,9914.0,16,3858.0,967
B-25441,604,3,515,3,2,5470.0,7,292.0,968
B-25441,605,3,516,8,2,5470.0,7,292.0,969
B-25441,604,12,515,3,1,1496.0,17,662.0,970
B-25441,605,12,516,8,1,1496.0,17,662.0,971
B-25823,606,9,517,6,5,3228.0,9,476.0,972
B-25363,607,4,518,10,4,3918.0,8,749.0,973
B-25363,608,4,223,16,4,3918.0,8,749.0,974
B-26445,609,8,519,2,3,9921.0,15,1451.0,975
B-26724,610,6,520,7,3,9694.0,1,4361.0,976
B-25447,611,9,9,17,3,5028.0,13,1553.0,977
B-26904,612,9,521,3,2,594.0,19,67.0,978
B-26904,613,9,522,1,2,594.0,19,67.0,979
B-26904,614,9,523,11,2,594.0,19,67.0,980
B-26456,615,5,245,14,5,5954.0,11,2618.0,981
B-25435,616,12,524,12,1,3518.0,3,1051.0,982
B-25435,616,4,524,12,3,4157.0,8,1874.0,983
B-26279,617,7,525,7,4,3747.0,5,410.0,984
B-26279,618,7,175,3,4,3747.0,5,410.0,985
B-26279,619,7,500,13,4,3747.0,5,410.0,986
B-26279,620,7,526,2,4,3747.0,5,410.0,987
B-26279,621,7,527,5,4,3747.0,5,410.0,988
B-26279,617,10,525,7,1,3194.0,4,534.0,989
B-26279,618,10,175,3,1,3194.0,4,534.0,990
B-26279,619,10,500,13,1,3194.0,4,534.0,991
B-26279,620,10,526,2,1,3194.0,4,534.0,992
B-26279,621,10,527,5,1,3194.0,4,534.0,993
B-25770,622,10,19,17,5,8548.0,1,2305.0,994
B-25715,623,5,528,14,2,6089.0,19,139.0,995
B-25715,624,5,68,15,2,6089.0,19,139.0,996
B-25715,625,5,529,2,2,6089.0,19,139.0,997
B-25715,623,5,528,14,1,2586.0,16,800.0,998
B-25715,624,5,68,15,1,2586.0,16,800.0,999
B-25715,625,5,529,2,1,2586.0,16,800.0,1000
B-25715,623,9,528,14,1,3757.0,9,1626.0,1001
B-25715,624,9,68,15,1,3757.0,9,1626.0,1002
B-25715,625,9,529,2,1,3757.0,9,1626.0,1003
B-26961,626,8,473,10,2,5193.0,5,2530.0,1004
B-26961,627,8,530,1,2,5193.0,5,2530.0,1005
B-25902,628,1,531,15,1,7493.0,3,96.0,1006
B-26321,629,7,532,17,4,2062.0,6,848.0,1007
B-25612,630,11,385,10,3,7163.0,1,1536.0,1008
B-25605,631,11,533,6,5,4026.0,6,163.0,1009
B-25810,632,6,534,1,4,1894.0,5,275.0,1010
B-25810,632,1,534,1,4,7144.0,13,192.0,1011
B-25935,633,4,535,13,2,3482.0,15,1554.0,1012
B-26245,634,9,536,15,3,4172.0,5,235.0,1013
B-26245,635,9,537,4,3,4172.0,5,235.0,1014
B-26245,636,9,199,7,3,4172.0,5,235.0,1015
B-25346,637,8,158,14,5,6265.0,8,155.0,1016
B-25346,638,8,538,15,5,6265.0,8,155.0,1017
B-25594,639,1,539,18,4,2931.0,7,212.0,1018
B-25594,640,1,540,17,4,2931.0,7,212.0,1019
B-25471,641,6,541,17,2,1146.0,9,188.0,1020
B-25398,642,2,542,17,5,9215.0,13,767.0,1021
B-25398,643,2,543,12,5,9215.0,13,767.0,1022
B-25999,644,6,544,14,4,7895.0,1,1005.0,1023
B-25999,645,6,545,10,4,7895.0,1,1005.0,1024
B-25999,644,3,544,14,1,2740.0,8,558.0,1025
B-25999,645,3,545,10,1,2740.0,8,558.0,1026
B-25159,646,7,546,18,1,5338.0,16,1354.0,1027
B-25159,647,7,547,3,1,5338.0,16,1354.0,1028
B-25159,648,7,409,4,1,5338.0,16,1354.0,1029
B-25159,649,7,548,3,1,5338.0,16,1354.0,1030
B-25496,650,3,56,15,3,3095.0,2,941.0,1031
B-25496,651,3,99,11,3,3095.0,2,941.0,1032
B-25401,652,2,167,18,2,6017.0,13,2230.0,1033
B-25707,653,3,396,9,2,4904.0,2,469.0,1034
B-25707,653,10,396,9,1,3080.0,6,737.0,1035
B-26225,654,11,549,17,5,1992.0,2,355.0,1036
B-25662,655,8,550,4,3,5346.0,17,1246.0,1037
B-25662,656,8,551,1,3,5346.0,17,1246.0,1038
B-26752,657,2,99,12,2,8422.0,18,893.0,1039
B-26752,658,2,127,13,2,8422.0,18,893.0,1040
B-26752,657,12,99,12,4,6105.0,8,1447.0,1041
B-26752,658,12,127,13,4,6105.0,8,1447.0,1042
B-25640,659,3,28,16,3,670.0,9,85.0,1043
B-25030,660,4,552,10,4,4057.0,6,1012.0,1044
B-25504,661,3,553,5,1,8178.0,10,2462.0,1045
B-26912,662,5,554,14,2,8752.0,9,1686.0,1046
B-26912,663,5,555,18,2,8752.0,9,1686.0,1047
B-26912,664,5,556,2,2,8752.0,9,1686.0,1048
B-25193,665,2,557,6,3,8974.0,16,4441.0,1049
B-25106,666,11,558,9,4,9090.0,16,3098.0,1050
B-25106,667,11,559,7,4,9090.0,16,3098.0,1051
B-25106,666,1,558,9,4,851.0,11,356.0,1052
B-25106,667,1,559,7,4,851.0,11,356.0,1053
B-26835,668,11,560,1,1,5427.0,3,728.0,1054
B-25836,669,12,561,18,2,2695.0,15,914.0,1055
B-25836,670,12,562,5,2,2695.0,15,914.0,1056
B-26661,671,3,563,1,5,2386.0,3,999.0,1057
B-26317,672,3,564,8,2,2284.0,20,149.0,1058
B-26839,673,11,565,16,3,6034.0,8,608.0,1059
B-26839,673,12,565,16,4,8956.0,13,3359.0,1060
B-25735,674,7,566,18,3,7122.0,7,1982.0,1061
B-25387,675,7,567,14,1,9775.0,5,4507.0,1062
B-25192,676,12,568,15,3,3309.0,13,177.0,1063
B-26844,677,1,304,7,5,4163.0,14,897.0,1064
B-26844,678,1,569,15,5,4163.0,14,897.0,1065
B-26844,679,1,570,4,5,4163.0,14,897.0,1066
B-25236,680,8,571,16,1,5518.0,7,867.0,1067
B-25940,681,11,572,13,2,7566.0,6,606.0,1068
B-25940,682,11,573,10,2,7566.0,6,606.0,1069
B-26765,683,2,574,7,5,762.0,11,92.0,1070
B-26817,684,4,575,14,5,3316.0,6,126.0,1071
B-26522,685,12,250,12,3,5994.0,9,2826.0,1072
B-26522,686,12,576,5,3,5994.0,9,2826.0,1073
B-26522,687,12,148,6,3,5994.0,9,2826.0,1074
B-25681,688,4,577,13,5,3854.0,19,245.0,1075
B-25382,689,7,108,1,1,7019.0,15,2677.0,1076
B-25944,690,4,578,6,4,5954.0,14,2640.0,1077
B-25944,691,4,403,9,4,5954.0,14,2640.0,1078
B-26980,692,12,579,8,2,9752.0,5,3618.0,1079
B-26980,693,12,284,18,2,9752.0,5,3618.0,1080
B-25780,694,1,580,6,5,5335.0,15,322.0,1081
B-25964,695,1,581,8,4,1454.0,20,80.0,1082
B-26767,696,12,582,12,5,6724.0,19,1539.0,1083
B-26767,697,12,583,9,5,6724.0,19,1539.0,1084
B-25501,698,10,405,15,3,9874.0,4,3895.0,1085
B-26029,699,11,584,17,1,4918.0,7,1485.0,1086
B-25292,700,9,169,6,4,3189.0,19,1180.0,1087
B-25873,701,1,209,6,1,2684.0,2,713.0,1088
B-25873,702,1,585,3,1,2684.0,2,713.0,1089
B-25873,703,1,586,9,1,2684.0,2,713.0,1090
B-25444,704,3,351,7,3,7626.0,5,229.0,1091
B-25444,705,3,587,13,3,7626.0,5,229.0,1092
B-26796,706,2,588,14,1,6669.0,19,3063.0,1093
B-25537,707,7,113,14,4,6123.0,3,1686.0,1094
B-26083,708,9,589,5,4,3265.0,16,1390.0,1095
B-25298,709,7,590,4,5,8104.0,6,1039.0,1096
B-25298,710,7,591,1,5,8104.0,6,1039.0,1097
B-25298,711,7,331,12,5,8104.0,6,1039.0,1098
B-26734,712,5,592,3,5,847.0,17,355.0,1099
B-26734,713,5,395,11,5,847.0,17,355.0,1100
B-26734,714,5,464,12,5,847.0,17,355.0,1101
B-25483,715,12,507,18,2,3129.0,9,55.0,1102
B-25483,715,4,507,18,3,7821.0,13,3821.0,1103
B-26041,716,11,593,18,5,9498.0,12,256.0,1104
B-26041,717,11,591,6,5,9498.0,12,256.0,1105
B-26750,718,8,594,8,4,5461.0,7,1214.0,1106
B-26138,719,12,595,9,1,3084.0,19,611.0,1107
B-26929,720,8,596,3,5,6087.0,1,3043.0,1108
B-25359,721,12,597,18,4,611.0,3,300.0,1109
B-25738,722,7,598,15,5,9909.0,18,2999.0,1110
B-25738,723,7,599,11,5,9909.0,18,2999.0,1111
B-25931,724,8,402,13,1,6485.0,18,3178.0,1112
B-25706,725,4,175,7,4,7259.0,10,1969.0,1113
B-25352,726,2,104,1,5,3333.0,18,700.0,1114
B-26909,727,8,220,18,3,7786.0,4,1202.0,1115
B-26296,728,11,333,7,2,7644.0,6,2428.0,1116
B-26112,729,12,600,5,5,1476.0,5,247.0,1117
B-26112,730,12,601,10,5,1476.0,5,247.0,1118
B-26790,731,8,488,12,3,3445.0,16,1405.0,1119
B-26790,731,4,488,12,1,9837.0,1,384.0,1120
B-25986,732,8,282,10,3,1314.0,8,457.0,1121
B-25630,733,4,602,9,2,5951.0,6,936.0,1122
B-25630,734,4,603,13,2,5951.0,6,936.0,1123
B-26872,735,11,604,5,1,992.0,6,177.0,1124
B-26872,735,7,604,5,3,4699.0,18,625.0,1125
B-25870,736,4,114,15,3,5557.0,17,2114.0,1126
B-25991,737,1,341,9,4,3436.0,3,933.0,1127
B-25198,738,2,605,11,2,9840.0,11,3870.0,1128
B-25189,739,9,606,12,3,7620.0,4,125.0,1129
B-25189,740,9,607,12,3,7620.0,4,125.0,1130
B-26563,741,5,179,3,2,4314.0,5,1591.0,1131
B-25548,742,4,608,14,1,8851.0,12,999.0,1132
B-25965,743,4,609,16,2,544.0,2,272.0,1133
B-25965,744,4,475,3,2,544.0,2,272.0,1134
B-26545,745,7,610,18,3,537.0,20,142.0,1135
B-26603,746,4,435,11,3,5944.0,7,2661.0,1136
B-26393,747,2,608,1,4,2258.0,18,135.0,1137
B-26393,748,2,611,10,4,2258.0,18,135.0,1138
B-26628,749,8,612,16,2,9609.0,3,4339.0,1139
B-26628,750,8,613,14,2,9609.0,3,4339.0,1140
B-25945,751,1,363,9,2,9952.0,15,3301.0,1141
B-26565,752,9,444,13,4,9873.0,7,4585.0,1142
B-25684,753,1,295,6,5,3560.0,15,1335.0,1143
B-25684,754,1,614,7,5,3560.0,15,1335.0,1144
B-26612,755,11,9,3,2,6528.0,9,76.0,1145
B-26612,755,8,9,3,2,8930.0,12,3374.0,1146
B-25839,756,9,615,17,2,4521.0,9,1778.0,1147
B-25898,757,8,616,10,4,7091.0,10,2317.0,1148
B-26120,350,3,495,15,5,2101.0,8,287.0,1149
B-26120,758,3,617,2,5,2101.0,8,287.0,1150
B-26426,759,9,618,2,2,8644.0,9,1968.0,1151
B-26309,760,5,619,9,1,6672.0,4,3319.0,1152
B-26309,761,5,620,10,1,6672.0,4,3319.0,1153
B-26789,762,10,595,14,1,4699.0,12,103.0,1154
B-26420,763,8,377,16,2,4897.0,14,1001.0,1155
B-26420,764,8,120,14,2,4897.0,14,1001.0,1156
B-26257,765,5,621,3,2,5460.0,14,2088.0,1157
B-26257,766,5,622,14,2,5460.0,14,2088.0,1158
B-25603,767,7,623,7,1,9272.0,19,1771.0,1159
B-25603,768,7,441,9,1,9272.0,19,1771.0,1160
B-25010,769,3,237,16,4,7870.0,15,1057.0,1161
B-25010,770,3,624,15,4,7870.0,15,1057.0,1162
B-25889,771,4,512,15,4,7992.0,12,893.0,1163
B-25889,772,4,231,6,4,7992.0,12,893.0,1164
B-25889,773,4,625,2,4,7992.0,12,893.0,1165
B-26675,774,1,209,6,3,6499.0,18,2189.0,1166
B-26675,775,1,349,4,3,6499.0,18,2189.0,1167
B-26168,776,3,626,10,2,8848.0,9,2090.0,1168
B-25436,777,7,627,4,5,8044.0,3,3634.0,1169
B-25436,778,7,24,10,5,8044.0,3,3634.0,1170
B-25794,779,12,628,17,5,7417.0,16,1334.0,1171
B-26495,780,7,629,2,1,3451.0,3,658.0,1172
B-25815,781,4,630,11,3,8531.0,4,2555.0,1173
B-25022,782,8,631,6,2,6646.0,15,848.0,1174
B-25022,783,8,632,3,2,6646.0,15,848.0,1175
B-26928,784,4,633,9,4,2553.0,6,907.0,1176
B-25905,785,11,151,6,4,8490.0,3,3485.0,1177
B-26739,786,5,163,5,1,2689.0,3,1330.0,1178
B-26739,787,5,335,1,1,2689.0,3,1330.0,1179
B-25697,788,5,634,12,2,815.0,14,54.0,1180
B-25234,789,9,635,9,1,5024.0,2,379.0,1181
B-25234,790,9,636,18,1,5024.0,2,379.0,1182
B-25665,791,1,637,15,2,8962.0,18,2444.0,1183
B-25665,792,1,638,18,2,8962.0,18,2444.0,1184
B-25028,793,10,639,4,1,1961.0,12,59.0,1185
B-26659,794,8,640,2,4,526.0,4,83.0,1186
B-25966,795,12,641,12,2,6093.0,9,3042.0,1187
B-25966,796,12,642,10,2,6093.0,9,3042.0,1188
B-25350,797,1,643,11,2,7699.0,5,246.0,1189
B-26370,798,5,644,6,2,8825.0,15,3594.0,1190
B-26298,799,11,645,8,3,2082.0,8,642.0,1191
B-26298,800,11,646,11,3,2082.0,8,642.0,1192
B-26298,801,11,647,3,3,2082.0,8,642.0,1193
B-25068,802,7,648,2,1,914.0,13,163.0,1194
