order_items_id,order_id,payment_id,customer_id,product_id,location_id,order_date,quantity,profit
1,B-26776,1,1,1,1,2023-06-27,5,1275.0
2,B-26776,1,2,1,2,2024-12-27,5,1275.0
3,B-26776,1,3,1,3,2021-07-25,5,1275.0
4,B-26776,1,1,2,1,2023-06-27,14,1330.0
5,B-26776,1,2,2,2,2024-12-27,14,1330.0
6,B-26776,1,3,2,3,2021-07-25,14,1330.0
7,B-26942,2,4,3,4,2024-05-11,12,185.0
8,B-26942,2,5,3,1,2021-10-09,12,185.0
9,B-26640,3,6,4,5,2022-11-18,10,117.0
10,B-26640,4,6,5,5,2022-11-18,16,3551.0
11,B-25890,1,7,6,6,2023-11-12,19,734.0
12,B-25102,4,8,3,6,2020-03-23,14,462.0
13,B-25426,2,9,7,4,2020-05-04,1,2812.0
14,B-25426,4,9,8,4,2020-05-04,15,1046.0
15,B-25426,1,9,5,4,2020-05-04,9,78.0
16,B-25238,1,10,3,7,2023-11-09,10,1098.0
17,B-25238,5,10,9,7,2023-11-09,18,262.0
18,B-25051,4,11,9,8,2024-12-30,6,133.0
19,B-25051,4,11,5,8,2024-12-30,2,2685.0
20,B-26510,1,12,9,9,2025-02-11,1,265.0
21,B-26510,1,13,9,10,2024-01-23,1,265.0
22,B-25104,2,14,10,10,2020-11-28,19,2971.0
23,B-25104,5,14,10,10,2020-11-28,20,894.0
24,B-25553,1,15,11,8,2024-05-30,11,414.0
25,B-25553,4,15,10,8,2024-05-30,18,1644.0
26,B-25553,5,15,9,8,2024-05-30,17,72.0
27,B-26703,3,16,1,11,2022-01-23,17,1821.0
28,B-26232,5,17,10,6,2021-12-17,20,1180.0
29,B-26232,5,18,10,12,2023-02-03,20,1180.0
30,B-25394,2,19,3,12,2022-10-30,20,760.0
31,B-25394,2,20,3,13,2022-01-15,20,760.0
32,B-26157,5,21,9,4,2023-12-14,4,1606.0
33,B-26157,5,21,3,4,2023-12-14,11,554.0
34,B-25555,4,22,11,10,2023-07-03,12,1848.0
35,B-25555,4,23,11,14,2021-05-08,12,1848.0
36,B-25555,4,22,12,10,2023-07-03,11,866.0
37,B-25555,4,23,12,14,2021-05-08,11,866.0
38,B-26139,3,24,8,4,2022-10-07,15,630.0
39,B-26139,2,24,5,4,2022-10-07,1,963.0
40,B-25032,1,25,7,12,2024-08-06,12,2937.0
41,B-25032,5,25,3,12,2024-08-06,3,1696.0
42,B-25032,5,25,1,12,2024-08-06,12,2413.0
43,B-25730,5,26,10,15,2022-01-05,8,2632.0
44,B-25730,5,27,10,8,2020-10-17,8,2632.0
45,B-25730,5,28,10,5,2023-08-21,8,2632.0
46,B-25730,1,26,11,15,2022-01-05,17,205.0
47,B-25730,1,27,11,8,2020-10-17,17,205.0
48,B-25730,1,28,11,5,2023-08-21,17,205.0
49,B-26470,3,29,5,10,2024-12-27,6,573.0
50,B-26470,3,30,5,14,2021-06-18,6,573.0
51,B-26470,3,31,5,11,2023-05-27,6,573.0
52,B-26470,3,32,5,9,2021-10-12,6,573.0
53,B-26470,1,29,2,10,2024-12-27,5,1014.0
54,B-26470,1,30,2,14,2021-06-18,5,1014.0
55,B-26470,1,31,2,11,2023-05-27,5,1014.0
56,B-26470,1,32,2,9,2021-10-12,5,1014.0
57,B-25988,3,33,5,14,2022-09-19,18,648.0
58,B-25568,5,34,8,1,2022-03-25,12,1538.0
59,B-26730,2,35,5,4,2022-02-26,10,451.0
60,B-26730,2,18,5,16,2021-04-05,10,451.0
61,B-26730,5,35,6,4,2022-02-26,3,3192.0
62,B-26730,5,18,6,16,2021-04-05,3,3192.0
63,B-26730,4,35,8,4,2022-02-26,19,1712.0
64,B-26730,4,18,8,16,2021-04-05,19,1712.0
65,B-25372,2,36,5,3,2020-11-16,20,172.0
66,B-25372,1,36,5,3,2020-11-16,14,2059.0
67,B-25372,4,36,5,3,2020-11-16,3,151.0
68,B-26026,2,37,9,15,2024-12-12,2,93.0
69,B-26026,2,38,9,5,2023-04-06,2,93.0
70,B-26026,5,37,8,15,2024-12-12,3,1034.0
71,B-26026,5,38,8,5,2023-04-06,3,1034.0
72,B-26026,4,37,11,15,2024-12-12,3,248.0
73,B-26026,4,38,11,5,2023-04-06,3,248.0
74,B-26026,2,37,3,15,2024-12-12,10,361.0
75,B-26026,2,38,3,5,2023-04-06,10,361.0
76,B-25295,4,39,3,1,2024-01-28,1,528.0
77,B-25295,3,39,10,1,2024-01-28,16,167.0
78,B-26121,1,40,12,17,2022-01-16,1,55.0
79,B-26121,1,41,12,3,2022-12-16,1,55.0
80,B-25560,1,42,5,10,2023-07-13,12,3508.0
81,B-25560,4,42,10,10,2023-07-13,16,1178.0
82,B-25560,2,42,1,10,2023-07-13,6,1175.0
83,B-25560,4,42,8,10,2023-07-13,3,484.0
84,B-26076,2,43,11,3,2025-03-10,11,1239.0
85,B-26076,2,44,11,15,2024-09-24,11,1239.0
86,B-26076,3,43,3,3,2025-03-10,19,3104.0
87,B-26076,3,44,3,15,2024-09-24,19,3104.0
88,B-25872,1,45,7,6,2020-04-13,4,1192.0
89,B-25872,4,45,3,6,2020-04-13,16,705.0
90,B-26185,4,46,1,7,2022-06-27,5,727.0
91,B-26185,4,47,1,17,2021-03-14,5,727.0
92,B-26185,4,48,1,14,2022-02-23,5,727.0
93,B-26259,1,49,6,15,2022-03-29,10,622.0
94,B-26259,1,50,6,18,2022-11-20,10,622.0
95,B-25142,2,51,12,4,2021-11-12,15,253.0
96,B-25142,1,51,2,4,2021-11-12,5,465.0
97,B-25326,5,52,5,1,2021-08-17,16,277.0
98,B-25326,5,53,5,13,2022-05-16,16,277.0
99,B-26795,4,54,6,16,2023-07-16,16,1958.0
100,B-26795,4,54,7,16,2023-07-16,11,1801.0
101,B-26795,5,54,7,16,2023-07-16,18,1673.0
102,B-25660,2,55,6,5,2020-08-18,4,2873.0
103,B-25660,2,56,6,8,2022-04-19,4,2873.0
104,B-25410,2,57,8,11,2022-12-23,7,294.0
105,B-25690,3,58,2,9,2024-12-07,20,95.0
106,B-26464,3,59,4,11,2022-02-03,13,714.0
107,B-26464,3,60,4,10,2021-12-12,13,714.0
108,B-26464,1,59,5,11,2022-02-03,8,1010.0
109,B-26464,1,60,5,10,2021-12-12,8,1010.0
110,B-26464,2,59,4,11,2022-02-03,5,2899.0
111,B-26464,2,60,4,10,2021-12-12,5,2899.0
112,B-26454,3,61,8,1,2020-05-17,17,586.0
113,B-26742,4,62,11,9,2022-12-05,19,526.0
114,B-26742,4,63,11,12,2024-09-17,19,526.0
115,B-26742,4,62,11,9,2022-12-05,8,825.0
116,B-26742,4,63,11,12,2024-09-17,8,825.0
117,B-25510,5,64,12,12,2023-05-08,12,92.0
118,B-25510,5,65,12,6,2021-03-03,12,92.0
119,B-25510,5,66,12,12,2021-03-18,12,92.0
120,B-25510,5,67,12,15,2023-04-24,12,92.0
121,B-25936,2,68,3,8,2021-10-09,20,3696.0
122,B-25936,2,69,3,11,2022-04-15,20,3696.0
123,B-25936,2,70,3,8,2022-08-29,20,3696.0
124,B-25936,1,68,10,8,2021-10-09,7,3420.0
125,B-25936,1,69,10,11,2022-04-15,7,3420.0
126,B-25936,1,70,10,8,2022-08-29,7,3420.0
127,B-25884,4,71,2,12,2024-09-04,20,3158.0
128,B-25884,4,72,2,15,2021-05-18,20,3158.0
129,B-25884,3,71,6,12,2024-09-04,14,1227.0
130,B-25884,3,72,6,15,2021-05-18,14,1227.0
131,B-26287,5,73,9,17,2024-07-02,2,670.0
132,B-26287,4,73,8,17,2024-07-02,5,147.0
133,B-26287,3,73,6,17,2024-07-02,2,2341.0
134,B-26287,5,73,1,17,2024-07-02,2,236.0
135,B-26564,4,74,10,4,2024-02-16,7,600.0
136,B-26564,5,74,11,4,2024-02-16,19,1942.0
137,B-26293,4,75,5,9,2021-11-26,8,4518.0
138,B-26293,2,75,8,9,2021-11-26,5,934.0
139,B-26293,3,75,4,9,2021-11-26,4,149.0
140,B-25915,5,76,10,12,2024-02-01,10,1169.0
141,B-25915,5,77,10,7,2021-09-09,10,1169.0
142,B-25915,5,78,10,10,2021-09-08,10,1169.0
143,B-25915,2,76,10,12,2024-02-01,1,1490.0
144,B-25915,2,77,10,7,2021-09-09,1,1490.0
145,B-25915,2,78,10,10,2021-09-08,1,1490.0
146,B-26496,4,79,7,5,2024-07-09,20,641.0
147,B-26496,2,79,5,5,2024-07-09,10,817.0
148,B-26496,2,79,9,5,2024-07-09,12,520.0
149,B-26496,2,79,9,5,2024-07-09,15,1411.0
150,B-25856,4,80,6,7,2023-02-28,1,350.0
151,B-25856,4,80,10,7,2023-02-28,12,2433.0
152,B-25856,4,80,3,7,2023-02-28,1,647.0
153,B-26899,4,81,3,13,2022-08-08,18,4401.0
154,B-25916,1,82,11,2,2022-12-07,7,2107.0
155,B-25916,1,83,11,11,2024-04-29,7,2107.0
156,B-25916,4,82,5,2,2022-12-07,3,230.0
157,B-25916,4,83,5,11,2024-04-29,3,230.0
158,B-25916,4,82,8,2,2022-12-07,7,525.0
159,B-25916,4,83,8,11,2024-04-29,7,525.0
160,B-25916,1,82,8,2,2022-12-07,18,586.0
161,B-25916,1,83,8,11,2024-04-29,18,586.0
162,B-26428,4,84,4,11,2022-01-02,11,197.0
163,B-26332,5,85,5,9,2022-06-10,16,2571.0
164,B-26332,5,86,5,4,2021-11-16,16,2571.0
165,B-26332,5,87,5,5,2022-08-17,16,2571.0
166,B-26332,4,85,7,9,2022-06-10,13,3056.0
167,B-26332,4,86,7,4,2021-11-16,13,3056.0
168,B-26332,4,87,7,5,2022-08-17,13,3056.0
169,B-26332,1,85,12,9,2022-06-10,14,1221.0
170,B-26332,1,86,12,4,2021-11-16,14,1221.0
171,B-26332,1,87,12,5,2022-08-17,14,1221.0
172,B-25303,5,88,8,11,2021-11-23,11,241.0
173,B-25303,5,89,8,14,2023-03-04,11,241.0
174,B-26507,5,90,12,8,2023-12-16,20,1598.0
175,B-25983,2,91,9,1,2024-05-19,10,1581.0
176,B-25983,2,92,9,17,2020-05-14,10,1581.0
177,B-25983,4,91,5,1,2024-05-19,11,349.0
178,B-25983,4,92,5,17,2020-05-14,11,349.0
179,B-25156,4,93,6,3,2021-08-29,16,793.0
180,B-26759,5,94,10,9,2024-11-10,8,2624.0
181,B-26759,5,94,2,9,2024-11-10,20,281.0
182,B-26244,3,95,9,4,2021-12-05,8,2271.0
183,B-26244,3,95,11,4,2021-12-05,1,1610.0
184,B-26365,1,96,5,17,2024-07-05,14,391.0
185,B-26365,5,96,10,17,2024-07-05,13,322.0
186,B-26212,2,97,7,1,2024-06-25,13,279.0
187,B-26212,2,97,9,1,2024-06-25,6,1266.0
188,B-25042,5,98,5,2,2024-05-31,1,105.0
189,B-25042,5,98,3,2,2024-05-31,7,3010.0
190,B-25901,1,99,9,3,2020-10-20,16,4812.0
191,B-25901,1,100,9,4,2022-08-11,16,4812.0
192,B-25901,1,101,9,7,2021-10-17,16,4812.0
193,B-25901,1,99,9,3,2020-10-20,7,1185.0
194,B-25901,1,100,9,4,2022-08-11,7,1185.0
195,B-25901,1,101,9,7,2021-10-17,7,1185.0
196,B-26747,4,102,2,5,2022-02-23,4,851.0
197,B-26747,1,102,8,5,2022-02-23,13,76.0
198,B-26698,3,103,2,15,2023-09-20,13,457.0
199,B-25841,3,104,3,18,2021-01-19,8,374.0
200,B-25841,1,104,4,18,2021-01-19,1,1852.0
201,B-26032,5,105,11,16,2020-08-21,1,1176.0
202,B-26032,5,106,11,2,2023-04-17,1,1176.0
203,B-26032,5,107,11,12,2023-12-24,1,1176.0
204,B-26032,2,105,5,16,2020-08-21,5,1125.0
205,B-26032,2,106,5,2,2023-04-17,5,1125.0
206,B-26032,2,107,5,12,2023-12-24,5,1125.0
207,B-26032,4,105,2,16,2020-08-21,14,253.0
208,B-26032,4,106,2,2,2023-04-17,14,253.0
209,B-26032,4,107,2,12,2023-12-24,14,253.0
210,B-26032,2,105,8,16,2020-08-21,5,1239.0
211,B-26032,2,106,8,2,2023-04-17,5,1239.0
212,B-26032,2,107,8,12,2023-12-24,5,1239.0
213,B-25171,4,108,7,1,2022-03-20,20,1029.0
214,B-26939,2,109,5,7,2021-08-12,12,775.0
215,B-26939,3,109,12,7,2021-08-12,15,2213.0
216,B-26347,1,110,12,1,2020-12-21,7,3826.0
217,B-26347,1,111,12,17,2023-07-07,7,3826.0
218,B-25388,3,112,8,12,2023-08-13,13,2211.0
219,B-25388,3,113,8,2,2021-02-04,13,2211.0
220,B-25388,3,114,8,18,2022-09-16,13,2211.0
221,B-25388,3,115,8,3,2022-05-06,13,2211.0
222,B-26419,1,116,8,12,2021-05-28,1,163.0
223,B-25157,1,117,1,18,2024-07-18,18,2842.0
224,B-25342,1,118,10,15,2024-12-06,9,301.0
225,B-25342,3,118,10,15,2024-12-06,6,771.0
226,B-25342,3,118,5,15,2024-12-06,2,831.0
227,B-26165,1,119,11,18,2022-12-12,10,2797.0
228,B-26571,5,120,9,7,2022-10-20,3,1037.0
229,B-26571,5,120,2,7,2022-10-20,9,1806.0
230,B-25400,1,121,2,1,2021-03-24,17,3741.0
231,B-25400,1,122,2,9,2025-01-06,17,3741.0
232,B-25400,2,121,7,1,2021-03-24,16,3457.0
233,B-25400,2,122,7,9,2025-01-06,16,3457.0
234,B-25885,5,123,3,16,2021-03-06,12,4339.0
235,B-25885,2,123,2,16,2021-03-06,18,2356.0
236,B-25885,2,123,1,16,2021-03-06,10,334.0
237,B-25004,5,124,7,12,2020-06-17,16,3033.0
238,B-25004,5,125,7,3,2023-09-01,16,3033.0
239,B-26213,1,126,8,8,2023-06-08,3,234.0
240,B-26213,2,126,1,8,2023-06-08,7,424.0
241,B-25025,5,127,4,8,2021-03-25,20,3079.0
242,B-25025,4,127,1,8,2021-03-25,6,2807.0
243,B-26804,2,128,3,5,2021-01-03,8,400.0
244,B-26804,4,128,9,5,2021-01-03,3,666.0
245,B-26797,4,129,5,6,2024-12-27,6,1149.0
246,B-26556,1,130,4,4,2022-08-12,4,615.0
247,B-25861,2,131,1,15,2022-03-28,19,2669.0
248,B-25861,2,132,1,3,2023-07-15,19,2669.0
249,B-25861,2,133,1,4,2022-09-22,19,2669.0
250,B-25861,2,131,5,15,2022-03-28,14,3930.0
251,B-25861,2,132,5,3,2023-07-15,14,3930.0
252,B-25861,2,133,5,4,2022-09-22,14,3930.0
253,B-25112,5,134,5,16,2022-12-20,10,958.0
254,B-25112,5,135,5,16,2022-01-16,10,958.0
255,B-25112,5,136,5,9,2023-01-29,10,958.0
256,B-25223,5,137,9,3,2022-01-15,1,479.0
257,B-25223,5,137,11,3,2022-01-15,7,906.0
258,B-25714,1,138,1,9,2024-03-24,12,3429.0
259,B-25714,1,139,1,1,2025-02-19,12,3429.0
260,B-26607,1,140,12,3,2024-07-13,20,301.0
261,B-25038,2,141,6,14,2023-04-28,2,342.0
262,B-25038,2,142,6,3,2020-12-05,2,342.0
263,B-25038,2,143,6,14,2024-05-14,2,342.0
264,B-25038,2,144,6,6,2022-01-18,2,342.0
265,B-26672,3,145,1,13,2023-09-18,17,242.0
266,B-26672,4,145,7,13,2023-09-18,13,155.0
267,B-25747,5,146,11,3,2021-05-12,1,1470.0
268,B-25747,5,147,11,17,2023-09-17,1,1470.0
269,B-25747,1,146,2,3,2021-05-12,12,718.0
270,B-25747,1,147,2,17,2023-09-17,12,718.0
271,B-25747,3,146,7,3,2021-05-12,10,855.0
272,B-25747,3,147,7,17,2023-09-17,10,855.0
273,B-26322,3,148,7,18,2024-09-06,2,1563.0
274,B-26613,1,149,2,6,2022-06-18,11,322.0
275,B-26613,5,149,9,6,2022-06-18,18,2702.0
276,B-25413,2,150,7,12,2020-05-22,18,699.0
277,B-26466,3,151,7,9,2024-10-17,2,1087.0
278,B-26466,3,151,2,9,2024-10-17,7,1765.0
279,B-26610,4,152,7,15,2022-03-22,8,1152.0
280,B-26209,2,153,3,13,2024-03-17,17,858.0
281,B-26209,4,153,8,13,2024-03-17,15,2529.0
282,B-26622,1,154,11,4,2020-04-02,9,1437.0
283,B-26622,4,154,8,4,2020-04-02,7,589.0
284,B-26601,1,155,12,12,2024-03-13,19,4045.0
285,B-26601,5,155,1,12,2024-03-13,17,482.0
286,B-25894,5,156,4,14,2023-03-21,19,257.0
287,B-25894,4,156,8,14,2023-03-21,13,3003.0
288,B-25894,5,156,1,14,2023-03-21,15,3128.0
289,B-26969,4,157,7,15,2024-03-02,5,568.0
290,B-26969,4,158,7,8,2021-04-30,5,568.0
291,B-26969,2,157,3,15,2024-03-02,9,2020.0
292,B-26969,2,158,3,8,2021-04-30,9,2020.0
293,B-26312,2,159,8,13,2021-09-15,16,619.0
294,B-26312,2,160,8,16,2023-01-28,16,619.0
295,B-26312,1,159,2,13,2021-09-15,15,986.0
296,B-26312,1,160,2,16,2023-01-28,15,986.0
297,B-26837,4,161,9,6,2021-07-08,14,373.0
298,B-26837,4,162,9,15,2020-04-08,14,373.0
299,B-26837,1,161,12,6,2021-07-08,7,114.0
300,B-26837,1,162,12,15,2020-04-08,7,114.0
301,B-26166,5,163,10,2,2022-08-23,13,145.0
302,B-26166,3,163,9,2,2022-08-23,20,1916.0
303,B-25695,1,164,4,8,2022-12-17,17,575.0
304,B-25695,1,165,4,7,2022-06-08,17,575.0
305,B-25695,3,164,1,8,2022-12-17,16,515.0
306,B-25695,3,165,1,7,2022-06-08,16,515.0
307,B-26068,5,166,12,8,2020-08-28,5,254.0
308,B-26023,1,167,2,10,2020-09-26,19,159.0
309,B-26677,2,168,9,18,2020-12-13,2,2444.0
310,B-26677,2,169,9,4,2020-11-19,2,2444.0
311,B-25701,1,170,3,11,2023-09-13,5,463.0
312,B-25701,4,170,4,11,2023-09-13,20,803.0
313,B-25701,1,170,5,11,2023-09-13,19,2159.0
314,B-26523,1,171,3,2,2020-03-31,6,2382.0
315,B-26523,1,172,3,3,2020-10-20,6,2382.0
316,B-26523,3,171,11,2,2020-03-31,6,904.0
317,B-26523,3,172,11,3,2020-10-20,6,904.0
318,B-25880,4,173,3,6,2023-08-04,9,391.0
319,B-26898,4,174,3,14,2022-04-11,19,265.0
320,B-26898,4,174,1,14,2022-04-11,12,2029.0
321,B-26898,3,174,12,14,2022-04-11,3,551.0
322,B-26035,2,175,1,11,2021-12-31,3,340.0
323,B-26035,5,175,4,11,2021-12-31,15,253.0
324,B-25573,5,176,8,5,2020-08-16,1,196.0
325,B-25463,2,177,3,2,2025-02-02,9,571.0
326,B-26277,5,178,5,9,2022-02-24,7,727.0
327,B-26277,1,178,12,9,2022-02-24,9,406.0
328,B-26508,4,179,4,1,2024-02-25,16,3289.0
329,B-26508,4,180,4,1,2021-06-15,16,3289.0
330,B-26508,3,179,9,1,2024-02-25,20,3698.0
331,B-26508,3,180,9,1,2021-06-15,20,3698.0
332,B-26723,5,181,8,16,2022-12-08,18,1423.0
333,B-26723,5,182,8,9,2023-12-09,18,1423.0
334,B-25526,5,183,6,15,2022-07-16,14,559.0
335,B-25645,1,184,8,4,2024-05-05,4,937.0
336,B-25757,3,185,9,2,2021-10-04,4,821.0
337,B-26716,1,186,8,3,2021-11-20,16,490.0
338,B-26716,2,186,5,3,2021-11-20,1,179.0
339,B-26716,2,186,10,3,2021-11-20,7,58.0
340,B-25424,3,187,3,10,2020-09-15,17,258.0
341,B-25424,1,187,10,10,2020-09-15,17,318.0
342,B-25424,2,187,8,10,2020-09-15,11,961.0
343,B-26453,2,188,4,13,2023-01-17,20,214.0
344,B-26453,2,189,4,8,2020-06-16,20,214.0
345,B-26425,2,190,10,15,2024-05-01,3,2529.0
346,B-25843,3,191,4,11,2023-12-07,15,2308.0
347,B-25843,4,191,2,11,2023-12-07,14,1824.0
348,B-25486,2,192,6,13,2024-02-02,14,432.0
349,B-26975,4,193,12,10,2024-06-23,19,218.0
350,B-26975,1,193,3,10,2024-06-23,18,495.0
351,B-26975,3,193,1,10,2024-06-23,20,3898.0
352,B-26890,4,194,4,3,2024-06-07,4,1576.0
353,B-26125,5,195,1,8,2023-10-13,4,1134.0
354,B-26125,3,195,8,8,2023-10-13,2,246.0
355,B-26489,5,196,4,11,2022-10-08,14,894.0
356,B-26489,5,197,4,14,2023-10-27,14,894.0
357,B-26489,5,198,4,9,2021-02-09,14,894.0
358,B-26489,2,196,8,11,2022-10-08,3,1478.0
359,B-26489,2,197,8,14,2023-10-27,3,1478.0
360,B-26489,2,198,8,9,2021-02-09,3,1478.0
361,B-26489,2,196,6,11,2022-10-08,17,3121.0
362,B-26489,2,197,6,14,2023-10-27,17,3121.0
363,B-26489,2,198,6,9,2021-02-09,17,3121.0
364,B-26489,4,196,11,11,2022-10-08,12,102.0
365,B-26489,4,197,11,14,2023-10-27,12,102.0
366,B-26489,4,198,11,9,2021-02-09,12,102.0
367,B-26043,1,199,9,2,2020-11-03,20,1989.0
368,B-26557,5,200,2,4,2022-05-30,19,1888.0
369,B-26557,4,200,5,4,2022-05-30,11,3275.0
370,B-26557,5,200,4,4,2022-05-30,13,809.0
371,B-25243,1,201,4,4,2024-06-16,6,2508.0
372,B-25243,3,201,5,4,2024-06-16,15,2784.0
373,B-25243,5,201,5,4,2024-06-16,14,154.0
374,B-25243,3,201,12,4,2024-06-16,15,2344.0
375,B-26932,3,202,5,14,2022-07-15,18,148.0
376,B-26932,3,202,3,14,2022-07-15,12,286.0
377,B-25241,3,203,3,9,2021-07-18,17,633.0
378,B-25241,3,204,3,17,2021-10-02,17,633.0
379,B-25044,4,205,9,7,2024-04-16,9,1221.0
380,B-25044,4,205,3,7,2024-04-16,1,963.0
381,B-26137,4,206,2,18,2020-07-09,4,804.0
382,B-26137,4,207,2,9,2020-07-25,4,804.0
383,B-26137,4,208,2,11,2024-01-24,4,804.0
384,B-26137,4,209,2,9,2020-05-04,4,804.0
385,B-26137,4,210,2,14,2021-11-13,4,804.0
386,B-25545,5,211,6,7,2023-10-07,9,115.0
387,B-26800,1,212,1,8,2021-10-23,11,2419.0
388,B-26800,3,212,3,8,2021-10-23,6,71.0
389,B-26987,3,213,1,9,2022-07-18,19,3720.0
390,B-26144,3,214,8,2,2024-08-23,15,1537.0
391,B-26144,4,214,1,2,2024-08-23,6,1438.0
392,B-26144,5,214,10,2,2024-08-23,10,1457.0
393,B-25406,1,215,3,2,2020-10-28,20,431.0
394,B-25658,1,216,7,3,2024-06-15,12,204.0
395,B-25658,1,217,7,12,2024-12-19,12,204.0
396,B-25733,1,218,2,7,2020-09-04,10,1693.0
397,B-26993,2,219,12,4,2022-04-16,16,1151.0
398,B-26964,4,220,3,15,2024-08-29,15,898.0
399,B-26964,4,221,3,5,2022-01-14,15,898.0
400,B-26955,2,222,10,16,2024-04-07,3,3602.0
401,B-26059,5,223,4,7,2022-04-24,8,121.0
402,B-26059,5,223,11,7,2022-04-24,17,1881.0
403,B-26806,3,224,12,17,2020-08-27,3,1386.0
404,B-26299,3,225,4,15,2023-03-01,14,330.0
405,B-26299,5,225,12,15,2023-03-01,12,1133.0
406,B-26299,2,225,11,15,2023-03-01,9,887.0
407,B-26743,5,226,8,2,2020-10-02,12,1157.0
408,B-26743,5,227,8,3,2020-06-23,12,1157.0
409,B-26743,5,228,8,13,2023-08-21,12,1157.0
410,B-26757,4,229,11,1,2022-07-16,17,2498.0
411,B-26772,5,230,12,9,2022-08-01,20,2598.0
412,B-26088,5,231,3,4,2020-07-16,20,3218.0
413,B-26319,3,232,1,14,2020-05-02,16,1706.0
414,B-26319,1,232,7,14,2020-05-02,20,2763.0
415,B-26319,4,232,11,14,2020-05-02,6,64.0
416,B-25364,3,233,4,12,2024-01-10,13,2631.0
417,B-25364,3,234,4,8,2020-09-30,13,2631.0
418,B-25655,1,235,4,6,2022-03-28,18,52.0
419,B-26864,1,236,1,12,2021-01-30,5,324.0
420,B-26019,5,237,9,4,2025-03-14,9,3062.0
421,B-25849,2,238,9,11,2021-10-26,2,1411.0
422,B-25849,2,239,9,5,2023-01-11,2,1411.0
423,B-25849,4,238,3,11,2021-10-26,6,1152.0
424,B-25849,4,239,3,5,2023-01-11,6,1152.0
425,B-25829,4,240,12,18,2021-10-31,2,2606.0
426,B-26065,4,241,6,15,2023-05-04,13,1981.0
427,B-26065,4,242,6,7,2024-08-09,13,1981.0
428,B-25267,5,243,10,10,2022-08-21,1,829.0
429,B-25267,5,243,5,10,2022-08-21,4,2235.0
430,B-25972,2,244,11,3,2022-06-19,20,186.0
431,B-25972,2,244,12,3,2022-06-19,20,189.0
432,B-25511,3,245,1,18,2025-01-29,10,3483.0
433,B-25511,5,245,9,18,2025-01-29,7,2584.0
434,B-25744,4,246,10,3,2022-01-14,12,3427.0
435,B-25744,1,246,1,3,2022-01-14,9,109.0
436,B-25744,5,246,9,3,2022-01-14,14,1626.0
437,B-26805,2,247,11,14,2023-06-15,19,1753.0
438,B-25620,2,248,4,18,2023-10-18,13,258.0
439,B-25620,2,249,4,3,2022-06-13,13,258.0
440,B-25620,4,248,4,18,2023-10-18,17,3055.0
441,B-25620,4,249,4,3,2022-06-13,17,3055.0
442,B-25620,3,248,12,18,2023-10-18,15,2021.0
443,B-25620,3,249,12,3,2022-06-13,15,2021.0
444,B-25325,4,250,11,12,2024-06-12,18,1559.0
445,B-25325,4,250,3,12,2024-06-12,12,1045.0
446,B-25325,4,250,5,12,2024-06-12,4,714.0
447,B-25325,3,250,10,12,2024-06-12,14,2469.0
448,B-25131,1,251,9,12,2022-06-27,1,4111.0
449,B-25131,5,251,10,12,2022-06-27,20,1065.0
450,B-26654,1,252,11,12,2021-02-18,13,1142.0
451,B-26654,4,252,11,12,2021-02-18,6,3146.0
452,B-26654,2,252,9,12,2021-02-18,17,133.0
453,B-26195,2,253,10,8,2023-05-29,15,235.0
454,B-26195,2,254,10,1,2021-06-04,15,235.0
455,B-25842,3,255,3,13,2024-01-22,13,584.0
456,B-25842,3,256,3,12,2022-12-27,13,584.0
457,B-25842,3,255,7,13,2024-01-22,14,154.0
458,B-25842,3,256,7,12,2022-12-27,14,154.0
459,B-25842,2,255,9,13,2024-01-22,15,109.0
460,B-25842,2,256,9,12,2022-12-27,15,109.0
461,B-25851,1,257,11,14,2024-03-30,16,85.0
462,B-25427,5,258,6,1,2020-04-04,2,2008.0
463,B-25427,1,258,2,1,2020-04-04,19,60.0
464,B-25427,3,258,2,1,2020-04-04,7,4446.0
465,B-26224,5,259,4,2,2023-01-22,11,175.0
466,B-26224,5,260,4,16,2022-04-12,11,175.0
467,B-26224,5,261,4,1,2023-12-13,11,175.0
468,B-26224,1,259,1,2,2023-01-22,15,1776.0
469,B-26224,1,260,1,16,2022-04-12,15,1776.0
470,B-26224,1,261,1,1,2023-12-13,15,1776.0
471,B-26896,3,262,2,9,2023-05-24,18,1591.0
472,B-26896,3,263,2,16,2020-11-29,18,1591.0
473,B-26469,1,264,1,4,2021-03-24,17,3699.0
474,B-26469,3,264,3,4,2021-03-24,3,51.0
475,B-26219,4,265,7,10,2020-08-19,20,2555.0
476,B-26219,4,266,7,15,2022-10-20,20,2555.0
477,B-26119,2,267,3,17,2023-09-20,12,142.0
478,B-26119,2,268,3,9,2024-12-26,12,142.0
479,B-26119,3,267,12,17,2023-09-20,11,2628.0
480,B-26119,3,268,12,9,2024-12-26,11,2628.0
481,B-26988,5,269,7,8,2021-12-03,18,437.0
482,B-26988,1,269,1,8,2021-12-03,20,681.0
483,B-25596,4,270,11,11,2021-09-14,20,1041.0
484,B-26845,5,271,3,7,2021-09-30,13,184.0
485,B-25099,5,272,3,10,2021-12-22,18,224.0
486,B-25099,3,272,5,10,2021-12-22,7,1450.0
487,B-25099,1,272,6,10,2021-12-22,12,2834.0
488,B-26153,2,273,5,16,2022-05-18,7,975.0
489,B-25060,4,274,3,3,2020-10-08,3,250.0
490,B-25060,2,274,4,3,2020-10-08,10,340.0
491,B-26572,3,275,12,10,2022-08-20,14,2333.0
492,B-26572,3,276,12,12,2024-11-25,14,2333.0
493,B-26572,3,275,7,10,2022-08-20,11,738.0
494,B-26572,3,276,7,12,2024-11-25,11,738.0
495,B-25919,4,277,9,10,2020-09-30,4,970.0
496,B-25919,4,278,9,4,2025-02-20,4,970.0
497,B-25919,4,279,9,12,2022-03-20,4,970.0
498,B-25919,2,277,4,10,2020-09-30,1,1026.0
499,B-25919,2,278,4,4,2025-02-20,1,1026.0
500,B-25919,2,279,4,12,2022-03-20,1,1026.0
501,B-26978,2,280,4,7,2025-03-07,18,167.0
502,B-26978,1,280,10,7,2025-03-07,9,3750.0
503,B-26978,5,280,12,7,2025-03-07,6,72.0
504,B-26554,4,281,9,17,2024-06-16,5,3463.0
505,B-26554,4,282,9,18,2020-11-21,5,3463.0
506,B-26554,4,283,9,1,2024-10-01,5,3463.0
507,B-26554,4,284,9,16,2024-07-01,5,3463.0
508,B-26554,1,281,1,17,2024-06-16,20,1605.0
509,B-26554,1,282,1,18,2020-11-21,20,1605.0
510,B-26554,1,283,1,1,2024-10-01,20,1605.0
511,B-26554,1,284,1,16,2024-07-01,20,1605.0
512,B-26883,5,285,3,3,2020-11-23,13,2459.0
513,B-25423,4,286,2,4,2023-03-18,11,2656.0
514,B-25423,4,287,2,17,2022-10-19,11,2656.0
515,B-26324,2,288,1,11,2023-08-31,15,1335.0
516,B-26324,2,289,1,11,2021-06-06,15,1335.0
517,B-26945,2,290,2,11,2022-12-21,15,320.0
518,B-26945,3,290,7,11,2022-12-21,12,371.0
519,B-26405,5,291,6,18,2024-02-12,18,319.0
520,B-26046,2,292,1,1,2022-12-05,20,983.0
521,B-26046,5,292,3,1,2022-12-05,19,1544.0
522,B-25746,2,293,10,16,2021-04-04,15,1346.0
523,B-25232,1,294,9,18,2021-02-12,13,1403.0
524,B-25232,1,295,9,8,2022-12-27,13,1403.0
525,B-25232,1,296,9,10,2024-01-19,13,1403.0
526,B-25232,2,294,6,18,2021-02-12,14,388.0
527,B-25232,2,295,6,8,2022-12-27,14,388.0
528,B-25232,2,296,6,10,2024-01-19,14,388.0
529,B-25591,4,297,8,13,2022-12-25,10,1043.0
530,B-25591,1,297,1,13,2022-12-25,7,4132.0
531,B-25591,4,297,4,13,2022-12-25,13,683.0
532,B-26325,1,298,11,1,2022-10-06,2,2389.0
533,B-25251,5,299,6,3,2020-04-27,6,104.0
534,B-25251,5,300,6,16,2024-05-13,6,104.0
535,B-25251,1,299,6,3,2020-04-27,1,116.0
536,B-25251,1,300,6,16,2024-05-13,1,116.0
537,B-25464,5,301,6,5,2020-10-23,4,1414.0
538,B-25464,1,301,2,5,2020-10-23,18,440.0
539,B-25464,2,301,11,5,2020-10-23,16,138.0
540,B-26678,2,302,1,14,2021-06-11,1,1226.0
541,B-26678,2,285,1,8,2021-09-08,1,1226.0
542,B-25962,5,303,7,18,2022-11-23,3,1171.0
543,B-25962,5,304,7,8,2022-10-31,3,1171.0
544,B-25962,5,305,7,17,2023-11-06,3,1171.0
545,B-25962,5,306,7,16,2023-11-12,3,1171.0
546,B-26586,1,307,2,5,2023-06-26,1,828.0
547,B-26586,1,308,2,2,2023-09-30,1,828.0
548,B-26586,2,307,11,5,2023-06-26,4,1002.0
549,B-26586,2,308,11,2,2023-09-30,4,1002.0
550,B-26841,2,309,6,6,2020-09-12,13,4208.0
551,B-26841,4,309,8,6,2020-09-12,15,240.0
552,B-26284,1,310,11,7,2020-11-27,14,2045.0
553,B-26284,1,311,11,5,2022-08-25,14,2045.0
554,B-26284,1,312,11,2,2023-08-23,14,2045.0
555,B-26284,1,313,11,8,2023-10-11,14,2045.0
556,B-26478,4,314,7,16,2022-04-21,1,190.0
557,B-26679,1,315,7,12,2023-09-14,5,1800.0
558,B-26679,1,316,7,3,2020-04-29,5,1800.0
559,B-26679,1,317,7,15,2020-12-15,5,1800.0
560,B-26679,3,315,5,12,2023-09-14,10,1274.0
561,B-26679,3,316,5,3,2020-04-29,10,1274.0
562,B-26679,3,317,5,15,2020-12-15,10,1274.0
563,B-26397,4,318,5,5,2024-07-11,18,2321.0
564,B-26397,4,319,5,1,2024-09-21,18,2321.0
565,B-25957,1,320,4,5,2025-02-02,13,413.0
566,B-26916,1,321,3,7,2022-10-21,7,362.0
567,B-26916,1,322,3,12,2020-10-21,7,362.0
568,B-26916,1,321,8,7,2022-10-21,20,302.0
569,B-26916,1,322,8,12,2020-10-21,20,302.0
570,B-26916,1,321,6,7,2022-10-21,12,677.0
571,B-26916,1,322,6,12,2020-10-21,12,677.0
572,B-25925,4,323,3,11,2022-01-11,1,384.0
573,B-25925,4,324,3,2,2021-02-17,1,384.0
574,B-25925,2,323,1,11,2022-01-11,13,1111.0
575,B-25925,2,324,1,2,2021-02-17,13,1111.0
576,B-25602,2,325,3,4,2021-11-06,9,1764.0
577,B-25602,2,326,3,16,2022-08-30,9,1764.0
578,B-26592,5,327,3,12,2022-10-07,1,1270.0
579,B-26592,4,327,3,12,2022-10-07,15,153.0
580,B-26251,5,328,6,12,2023-06-04,7,127.0
581,B-26251,2,328,12,12,2023-06-04,8,1155.0
582,B-26251,2,328,10,12,2023-06-04,16,2226.0
583,B-25979,2,329,2,10,2022-05-13,2,325.0
584,B-25437,4,330,4,12,2023-01-23,3,1841.0
585,B-25437,4,331,4,10,2021-07-25,3,1841.0
586,B-26986,5,332,11,13,2025-03-08,4,482.0
587,B-25990,5,333,12,14,2022-12-25,17,3257.0
588,B-25990,5,333,9,14,2022-12-25,6,277.0
589,B-25990,4,333,10,14,2022-12-25,2,1530.0
590,B-25222,3,334,5,9,2024-04-24,2,218.0
591,B-25222,3,335,5,17,2021-12-24,2,218.0
592,B-25222,3,336,5,7,2023-09-07,2,218.0
593,B-26402,5,337,8,17,2021-08-10,6,1453.0
594,B-26792,3,338,3,11,2024-05-26,3,1477.0
595,B-26792,3,339,3,7,2022-02-19,3,1477.0
596,B-25154,4,340,10,6,2024-12-09,5,813.0
597,B-26114,3,341,2,2,2023-06-01,2,1377.0
598,B-26485,2,342,3,3,2023-11-05,12,3253.0
599,B-26191,4,343,11,10,2020-06-21,15,1481.0
600,B-26754,3,344,7,9,2020-10-26,16,176.0
601,B-25953,1,345,10,7,2022-06-06,19,1001.0
602,B-25953,1,346,10,2,2021-11-13,19,1001.0
603,B-25953,4,345,12,7,2022-06-06,10,1920.0
604,B-25953,4,346,12,2,2021-11-13,10,1920.0
605,B-26516,3,347,1,1,2021-11-11,15,3565.0
606,B-26516,5,347,5,1,2021-11-11,10,3038.0
607,B-26843,3,215,2,9,2021-07-31,19,1941.0
608,B-26843,4,215,3,9,2021-07-31,17,2572.0
609,B-26167,3,348,6,10,2024-04-13,1,655.0
610,B-26972,2,349,7,7,2022-04-19,20,318.0
611,B-25673,3,350,5,3,2024-03-23,17,2405.0
612,B-26587,1,351,8,6,2021-05-07,17,448.0
613,B-26587,2,351,9,6,2021-05-07,5,562.0
614,B-26668,3,352,3,14,2022-05-06,15,106.0
615,B-26906,4,353,7,1,2021-08-09,4,802.0
616,B-26906,4,354,7,17,2025-02-09,4,802.0
617,B-25226,1,355,3,5,2024-04-23,2,2117.0
618,B-25166,1,356,6,15,2023-02-23,17,73.0
619,B-25166,1,357,6,10,2024-06-06,17,73.0
620,B-25166,5,356,12,15,2023-02-23,19,1168.0
621,B-25166,5,357,12,10,2024-06-06,19,1168.0
622,B-25454,4,358,1,17,2025-01-27,17,2733.0
623,B-26215,5,359,7,9,2023-04-07,18,1450.0
624,B-25777,4,360,2,7,2022-01-20,7,2839.0
625,B-25777,4,361,2,4,2022-05-10,7,2839.0
626,B-25383,4,362,6,5,2024-05-29,8,2456.0
627,B-25383,4,363,6,17,2022-01-04,8,2456.0
628,B-26409,4,364,8,5,2024-05-02,1,1353.0
629,B-26409,4,365,8,13,2021-12-28,1,1353.0
630,B-26684,1,366,7,7,2022-12-12,5,2851.0
631,B-26726,2,367,1,9,2023-08-17,19,508.0
632,B-26726,2,368,1,14,2021-11-29,19,508.0
633,B-26726,3,367,5,9,2023-08-17,9,586.0
634,B-26726,3,368,5,14,2021-11-29,9,586.0
635,B-26136,4,369,10,1,2021-06-13,18,2220.0
636,B-26098,3,370,5,16,2022-07-04,19,865.0
637,B-26098,3,370,5,16,2022-07-04,7,875.0
638,B-25430,5,371,8,5,2021-06-27,11,2385.0
639,B-25430,4,371,6,5,2021-06-27,18,417.0
640,B-25266,5,372,11,10,2023-12-04,11,905.0
641,B-25266,1,372,5,10,2023-12-04,5,2196.0
642,B-25283,5,373,8,6,2022-08-09,5,2204.0
643,B-25227,1,374,8,4,2020-04-08,1,1285.0
644,B-25227,1,374,5,4,2020-04-08,12,2231.0
645,B-25669,3,375,10,3,2023-10-20,6,2264.0
646,B-25064,3,376,6,3,2022-02-10,9,3040.0
647,B-25064,3,377,6,8,2023-10-05,9,3040.0
648,B-25064,1,376,1,3,2022-02-10,17,1491.0
649,B-25064,1,377,1,8,2023-10-05,17,1491.0
650,B-26268,4,378,3,18,2022-09-22,13,584.0
651,B-26268,4,379,3,11,2021-04-03,13,584.0
652,B-25456,4,380,8,5,2021-05-03,20,2358.0
653,B-25456,4,381,8,1,2024-02-11,20,2358.0
654,B-25456,4,382,8,15,2025-02-04,20,2358.0
655,B-25495,1,383,9,10,2022-10-12,14,402.0
656,B-25495,2,383,1,10,2022-10-12,13,674.0
657,B-26552,4,384,1,11,2022-02-06,10,936.0
658,B-26552,4,385,1,17,2020-11-09,10,936.0
659,B-26552,4,386,1,17,2023-05-03,10,936.0
660,B-25203,3,387,6,7,2022-10-04,6,505.0
661,B-25462,5,388,4,17,2024-08-21,6,482.0
662,B-26145,5,389,8,2,2021-11-20,12,867.0
663,B-26145,5,390,8,11,2020-05-13,12,867.0
664,B-25552,1,391,10,6,2023-02-28,7,766.0
665,B-25552,3,391,9,6,2023-02-28,19,3944.0
666,B-26069,3,392,7,13,2021-01-21,11,271.0
667,B-26069,3,393,7,18,2022-02-28,11,271.0
668,B-26069,1,392,5,13,2021-01-21,2,699.0
669,B-26069,1,393,5,18,2022-02-28,2,699.0
670,B-25120,2,394,11,9,2024-04-25,6,1836.0
671,B-25120,2,395,11,16,2023-03-10,6,1836.0
672,B-25120,2,396,11,6,2023-07-10,6,1836.0
673,B-25120,4,394,7,9,2024-04-25,15,2596.0
674,B-25120,4,395,7,16,2023-03-10,15,2596.0
675,B-25120,4,396,7,6,2023-07-10,15,2596.0
676,B-26146,5,397,2,17,2024-07-28,18,1094.0
677,B-26146,5,397,7,17,2024-07-28,1,1153.0
678,B-25549,1,398,2,4,2023-07-30,8,1084.0
679,B-25549,1,398,9,4,2023-07-30,4,788.0
680,B-25549,2,398,2,4,2023-07-30,7,958.0
681,B-25488,1,399,8,6,2024-10-05,5,345.0
682,B-25488,4,399,4,6,2024-10-05,8,1638.0
683,B-26885,4,400,5,9,2024-02-20,4,730.0
684,B-26885,4,400,4,9,2024-02-20,4,418.0
685,B-25703,5,401,1,4,2023-04-19,4,1801.0
686,B-25703,5,402,1,11,2023-10-29,4,1801.0
687,B-25809,1,403,11,15,2022-03-08,18,379.0
688,B-25809,1,404,11,17,2022-12-08,18,379.0
689,B-25809,1,403,6,15,2022-03-08,14,4602.0
690,B-25809,1,404,6,17,2022-12-08,14,4602.0
691,B-25809,4,403,1,15,2022-03-08,14,50.0
692,B-25809,4,404,1,17,2022-12-08,14,50.0
693,B-25809,2,403,7,15,2022-03-08,8,2135.0
694,B-25809,2,404,7,17,2022-12-08,8,2135.0
695,B-25477,5,405,7,8,2024-07-27,7,1665.0
696,B-25477,5,406,7,3,2022-07-05,7,1665.0
697,B-26018,5,407,12,11,2024-07-04,18,957.0
698,B-25329,4,408,5,10,2024-02-28,18,1192.0
699,B-25329,4,409,5,5,2025-01-03,18,1192.0
700,B-25182,4,410,6,6,2021-12-07,11,686.0
701,B-25492,3,411,6,3,2021-12-14,14,552.0
702,B-25492,3,412,6,12,2020-11-30,14,552.0
703,B-25492,4,411,9,3,2021-12-14,19,1003.0
704,B-25492,4,412,9,12,2020-11-30,19,1003.0
705,B-25517,3,413,12,3,2021-12-29,19,911.0
706,B-25517,3,413,3,3,2021-12-29,14,1408.0
707,B-25200,1,414,9,3,2024-07-08,6,2471.0
708,B-26009,1,415,5,18,2021-02-10,10,1728.0
709,B-26580,5,416,12,13,2020-10-21,13,201.0
710,B-26580,5,417,12,9,2023-04-17,13,201.0
711,B-25679,3,418,12,17,2020-10-21,18,231.0
712,B-26034,2,419,12,8,2023-12-28,18,2071.0
713,B-26034,5,419,1,8,2023-12-28,8,4090.0
714,B-25148,2,420,7,8,2022-12-23,18,3968.0
715,B-25148,2,421,7,18,2022-08-10,18,3968.0
716,B-25148,3,420,8,8,2022-12-23,14,251.0
717,B-25148,3,421,8,18,2022-08-10,14,251.0
718,B-25830,1,422,10,5,2023-10-17,10,1415.0
719,B-25830,1,423,10,4,2022-02-28,10,1415.0
720,B-25762,5,424,1,11,2024-05-24,13,482.0
721,B-26794,2,425,12,6,2020-10-02,12,638.0
722,B-26794,2,425,6,6,2020-10-02,12,1289.0
723,B-25011,1,426,8,13,2024-02-10,15,961.0
724,B-25011,1,427,8,12,2021-02-06,15,961.0
725,B-25515,5,428,9,17,2022-03-16,9,1940.0
726,B-25369,4,429,4,14,2020-05-24,9,602.0
727,B-25369,4,430,4,9,2025-02-16,9,602.0
728,B-25369,4,431,4,14,2021-11-16,9,602.0
729,B-25369,4,432,4,8,2024-09-08,9,602.0
730,B-25369,3,429,6,14,2020-05-24,19,1849.0
731,B-25369,3,430,6,9,2025-02-16,19,1849.0
732,B-25369,3,431,6,14,2021-11-16,19,1849.0
733,B-25369,3,432,6,8,2024-09-08,19,1849.0
734,B-26222,4,433,3,2,2022-06-29,14,3099.0
735,B-26222,4,433,1,2,2022-06-29,14,696.0
736,B-26222,5,433,6,2,2022-06-29,17,3132.0
737,B-25316,2,434,2,11,2022-11-03,12,673.0
738,B-25507,4,435,1,17,2023-11-28,18,444.0
739,B-25846,2,436,1,4,2020-04-25,3,1724.0
740,B-25763,1,437,3,1,2022-01-18,4,319.0
741,B-25763,1,437,6,1,2022-01-18,14,3882.0
742,B-25763,2,437,6,1,2022-01-18,7,279.0
743,B-25763,1,437,7,1,2022-01-18,4,2049.0
744,B-25465,4,438,5,15,2022-03-23,16,158.0
745,B-25465,4,439,5,1,2020-06-24,16,158.0
746,B-25465,4,440,5,3,2022-12-23,16,158.0
747,B-25465,4,441,5,6,2024-11-24,16,158.0
748,B-25465,4,442,5,4,2020-11-06,16,158.0
749,B-25465,4,443,5,8,2023-10-24,16,158.0
750,B-25465,1,438,8,15,2022-03-23,17,177.0
751,B-25465,1,439,8,1,2020-06-24,17,177.0
752,B-25465,1,440,8,3,2022-12-23,17,177.0
753,B-25465,1,441,8,6,2024-11-24,17,177.0
754,B-25465,1,442,8,4,2020-11-06,17,177.0
755,B-25465,1,443,8,8,2023-10-24,17,177.0
756,B-26352,2,444,2,2,2023-07-18,3,1085.0
757,B-26352,2,445,2,8,2022-05-16,3,1085.0
758,B-26352,5,444,5,2,2023-07-18,19,576.0
759,B-26352,5,445,5,8,2022-05-16,19,576.0
760,B-26528,5,446,8,12,2024-06-16,19,64.0
761,B-26528,5,447,8,15,2021-10-23,19,64.0
762,B-26670,3,448,2,16,2022-10-22,5,1680.0
763,B-25331,1,449,3,8,2023-07-17,8,95.0
764,B-25832,3,450,4,6,2025-02-24,2,2976.0
765,B-25832,5,450,12,6,2025-02-24,3,1663.0
766,B-25897,1,451,6,14,2021-03-07,8,2642.0
767,B-25713,4,452,11,3,2021-01-03,8,509.0
768,B-25065,2,453,9,14,2023-05-03,9,1439.0
769,B-25949,3,454,9,5,2023-10-25,5,1896.0
770,B-26033,5,455,11,6,2022-08-21,18,2378.0
771,B-26017,5,456,2,13,2022-04-16,17,2510.0
772,B-26926,3,457,7,10,2023-04-02,16,1660.0
773,B-26258,2,458,4,2,2024-10-21,20,555.0
774,B-26258,1,458,10,2,2024-10-21,14,1018.0
775,B-26240,3,459,7,7,2021-07-09,15,936.0
776,B-26240,3,460,7,5,2022-04-08,15,936.0
777,B-26922,3,461,10,11,2022-04-30,10,151.0
778,B-26894,2,462,7,2,2023-01-20,16,3178.0
779,B-25330,2,463,3,2,2024-11-17,16,917.0
780,B-26288,2,464,9,9,2022-04-23,6,2607.0
781,B-26288,2,465,9,8,2025-02-18,6,2607.0
782,B-25228,3,466,4,15,2021-05-27,19,2121.0
783,B-25228,3,467,4,10,2022-01-17,19,2121.0
784,B-26457,4,468,5,6,2025-01-15,7,1928.0
785,B-25790,5,469,2,1,2021-02-14,8,1008.0
786,B-25868,4,470,10,13,2024-08-31,5,249.0
787,B-25868,4,471,10,9,2022-12-26,5,249.0
788,B-25381,3,472,7,7,2024-03-21,13,945.0
789,B-25381,3,473,7,18,2020-12-15,13,945.0
790,B-25153,2,474,10,11,2023-03-21,4,1704.0
791,B-26576,4,475,12,12,2023-06-08,19,1430.0
792,B-26526,4,476,11,3,2022-07-17,4,265.0
793,B-26526,4,477,11,8,2024-12-05,4,265.0
794,B-26526,4,476,12,3,2022-07-17,10,543.0
795,B-26526,4,477,12,8,2024-12-05,10,543.0
796,B-25819,3,478,3,12,2023-11-02,11,605.0
797,B-25819,3,479,3,15,2024-10-05,11,605.0
798,B-25698,3,480,1,11,2022-11-13,9,1100.0
799,B-25698,3,481,1,18,2022-12-28,9,1100.0
800,B-26820,3,482,12,15,2025-02-26,12,1666.0
801,B-25396,3,483,3,18,2022-11-12,16,885.0
802,B-25396,3,483,12,18,2022-11-12,4,2394.0
803,B-25529,3,484,3,4,2021-06-07,15,258.0
804,B-26501,3,485,5,1,2020-09-26,7,3962.0
805,B-26910,5,486,5,8,2024-04-29,9,3295.0
806,B-26910,1,486,3,8,2024-04-29,8,3666.0
807,B-26910,2,486,6,8,2024-04-29,14,314.0
808,B-25978,5,487,8,6,2024-04-10,8,2673.0
809,B-26537,1,488,5,10,2023-12-21,17,207.0
810,B-25881,2,489,5,11,2024-05-02,8,2322.0
811,B-25881,2,490,5,12,2024-11-21,8,2322.0
812,B-25237,5,491,10,14,2022-03-17,1,187.0
813,B-25237,5,492,10,16,2023-05-14,1,187.0
814,B-26122,1,493,9,5,2024-10-07,20,921.0
815,B-26122,1,494,9,7,2020-09-08,20,921.0
816,B-25709,1,495,9,5,2021-08-19,15,418.0
817,B-26656,3,202,3,8,2022-10-12,7,562.0
818,B-26656,3,496,3,10,2020-05-23,7,562.0
819,B-26656,3,497,3,17,2020-04-18,7,562.0
820,B-26656,3,202,11,8,2022-10-12,10,661.0
821,B-26656,3,496,11,10,2020-05-23,10,661.0
822,B-26656,3,497,11,17,2020-04-18,10,661.0
823,B-25801,3,498,4,12,2022-06-04,2,2609.0
824,B-25801,5,498,9,12,2022-06-04,12,3089.0
825,B-25006,2,499,3,12,2022-11-16,17,1574.0
826,B-25006,2,500,3,10,2024-07-18,17,1574.0
827,B-25006,2,501,3,1,2023-07-16,17,1574.0
828,B-26106,2,502,8,18,2020-08-10,8,3865.0
829,B-25789,1,503,12,5,2024-06-22,5,379.0
830,B-26292,2,504,3,7,2020-07-13,4,1159.0
831,B-25895,3,505,11,16,2024-04-16,11,1381.0
832,B-25813,5,506,11,17,2021-03-13,9,238.0
833,B-26863,3,507,6,12,2023-04-01,15,1494.0
834,B-25759,5,508,6,2,2020-11-10,2,2332.0
835,B-26357,2,509,4,8,2023-06-08,15,4930.0
836,B-26819,2,510,11,17,2021-08-17,1,3502.0
837,B-25502,3,511,3,6,2020-05-24,1,800.0
838,B-25258,1,512,8,3,2021-08-12,10,164.0
839,B-26878,4,513,11,15,2022-09-03,3,309.0
840,B-26878,4,514,11,2,2020-10-01,3,309.0
841,B-25170,3,515,10,17,2022-05-27,19,2166.0
842,B-25170,1,515,1,17,2022-05-27,20,318.0
843,B-26842,2,516,7,4,2024-03-10,19,2770.0
844,B-26842,2,517,7,4,2023-10-05,19,2770.0
845,B-26842,2,516,2,4,2024-03-10,19,1594.0
846,B-26842,2,517,2,4,2023-10-05,19,1594.0
847,B-26599,2,518,6,12,2022-08-28,15,1751.0
848,B-26599,2,519,6,6,2020-09-08,15,1751.0
849,B-25705,5,520,1,5,2021-04-27,11,557.0
850,B-26366,5,521,10,15,2021-08-21,11,594.0
851,B-26366,5,522,10,13,2021-05-16,11,594.0
852,B-26366,1,521,7,15,2021-08-21,6,371.0
853,B-26366,1,522,7,13,2021-05-16,6,371.0
854,B-26116,3,523,8,9,2022-01-15,1,734.0
855,B-26443,2,524,2,10,2023-03-21,12,4299.0
856,B-26443,2,525,2,3,2023-12-28,12,4299.0
857,B-25955,2,526,7,3,2022-02-15,4,297.0
858,B-25955,2,527,7,4,2023-11-30,4,297.0
859,B-26383,2,528,11,3,2023-01-12,10,308.0
860,B-26383,2,529,11,15,2023-05-19,10,308.0
861,B-26383,3,528,2,3,2023-01-12,13,2504.0
862,B-26383,3,529,2,15,2023-05-19,13,2504.0
863,B-26999,1,530,5,1,2024-02-19,5,1318.0
864,B-26712,1,531,7,11,2021-12-01,1,2477.0
865,B-26712,2,531,12,11,2021-12-01,19,1794.0
866,B-26066,3,532,7,3,2024-12-19,19,950.0
867,B-25996,1,533,5,13,2023-01-18,14,232.0
868,B-25996,1,534,5,11,2020-12-23,14,232.0
869,B-26924,5,535,3,11,2021-02-28,6,501.0
870,B-25541,1,536,12,15,2023-05-04,10,1163.0
871,B-25541,1,537,12,5,2020-04-22,10,1163.0
872,B-25541,1,538,12,8,2021-08-13,10,1163.0
873,B-25541,2,536,11,15,2023-05-04,11,267.0
874,B-25541,2,537,11,5,2020-04-22,11,267.0
875,B-25541,2,538,11,8,2021-08-13,11,267.0
876,B-25196,4,539,7,9,2023-07-20,1,1127.0
877,B-25855,4,540,8,1,2022-08-28,19,1743.0
878,B-25071,2,541,3,9,2023-03-14,6,2526.0
879,B-26159,1,542,11,4,2023-11-07,15,2871.0
880,B-26159,1,543,11,2,2024-04-16,15,2871.0
881,B-26159,4,542,8,4,2023-11-07,1,2712.0
882,B-26159,4,543,8,2,2024-04-16,1,2712.0
883,B-26228,1,544,7,8,2022-09-16,13,3586.0
884,B-25888,5,545,6,10,2024-10-31,6,3394.0
885,B-25574,2,546,2,12,2024-11-25,7,2037.0
886,B-25574,2,547,2,16,2021-10-29,7,2037.0
887,B-26938,3,548,8,5,2023-12-27,7,471.0
888,B-26938,3,549,8,18,2023-06-25,7,471.0
889,B-26379,4,550,3,6,2020-09-01,9,2458.0
890,B-26623,3,551,8,7,2025-02-01,18,1556.0
891,B-25566,2,552,6,8,2023-07-22,16,481.0
892,B-25566,2,553,6,6,2022-02-04,16,481.0
893,B-26740,2,554,2,4,2023-09-27,6,3297.0
894,B-26740,2,555,2,6,2025-01-30,6,3297.0
895,B-26740,4,554,2,4,2023-09-27,20,4068.0
896,B-26740,4,555,2,6,2025-01-30,20,4068.0
897,B-26740,1,554,4,4,2023-09-27,8,1475.0
898,B-26740,1,555,4,6,2025-01-30,8,1475.0
899,B-25024,3,556,7,14,2025-01-15,2,4197.0
900,B-25024,3,557,7,13,2021-03-28,2,4197.0
901,B-26367,5,558,3,13,2021-12-25,19,2782.0
902,B-26353,2,559,6,13,2023-02-03,18,1345.0
903,B-26353,2,560,6,4,2023-04-28,18,1345.0
904,B-26353,2,561,6,12,2024-11-22,18,1345.0
905,B-26353,3,559,5,13,2023-02-03,14,766.0
906,B-26353,3,560,5,4,2023-04-28,14,766.0
907,B-26353,3,561,5,12,2024-11-22,14,766.0
908,B-25742,2,562,9,7,2024-07-02,3,1691.0
909,B-25742,3,562,9,7,2024-07-02,11,324.0
910,B-26965,2,563,4,15,2022-01-18,13,480.0
911,B-26038,2,564,11,13,2024-10-08,5,267.0
912,B-26038,3,564,9,13,2024-10-08,15,1254.0
913,B-25317,5,565,2,10,2020-06-21,5,211.0
914,B-25970,2,566,6,17,2023-12-14,14,3096.0
915,B-25590,2,567,10,8,2020-12-16,6,1577.0
916,B-25580,5,568,1,17,2025-03-15,19,58.0
917,B-25443,3,569,11,9,2024-08-21,9,1726.0
918,B-25443,1,569,11,9,2024-08-21,20,1738.0
919,B-25774,4,570,7,10,2021-05-27,19,3381.0
920,B-26505,2,571,11,14,2020-09-21,13,2052.0
921,B-25163,1,572,3,5,2025-01-11,14,1704.0
922,B-26095,1,573,7,16,2021-10-20,16,1137.0
923,B-26095,3,573,2,16,2021-10-20,15,74.0
924,B-25768,1,574,12,7,2021-10-19,10,743.0
925,B-25328,4,575,1,11,2024-07-07,4,3430.0
926,B-25328,4,576,1,11,2023-07-25,4,3430.0
927,B-26573,2,577,8,13,2020-04-16,8,3306.0
928,B-25138,4,578,3,6,2020-07-04,4,285.0
929,B-26803,1,579,2,8,2022-05-16,12,1949.0
930,B-26803,4,579,8,8,2022-05-16,4,965.0
931,B-25101,3,580,6,7,2023-11-25,13,661.0
932,B-25827,5,581,5,9,2021-08-17,4,224.0
933,B-25792,3,582,9,3,2023-07-02,9,781.0
934,B-25646,4,583,9,2,2020-08-24,4,4477.0
935,B-25043,4,584,11,1,2022-11-07,8,663.0
936,B-26598,4,585,2,18,2024-03-27,17,397.0
937,B-26598,4,586,2,3,2024-09-01,17,397.0
938,B-26598,4,587,2,13,2022-02-22,17,397.0
939,B-26598,2,585,9,18,2024-03-27,11,88.0
940,B-26598,2,586,9,3,2024-09-01,11,88.0
941,B-26598,2,587,9,13,2022-02-22,11,88.0
942,B-26643,2,588,1,1,2022-02-11,7,2251.0
943,B-26643,5,588,9,1,2022-02-11,3,1547.0
944,B-26643,5,588,2,1,2022-02-11,10,2588.0
945,B-25992,3,589,5,7,2021-05-27,8,2041.0
946,B-25992,3,590,5,7,2023-07-05,8,2041.0
947,B-25992,3,591,5,10,2020-10-27,8,2041.0
948,B-25992,4,589,2,7,2021-05-27,10,1834.0
949,B-25992,4,590,2,7,2023-07-05,10,1834.0
950,B-25992,4,591,2,10,2020-10-27,10,1834.0
951,B-25532,3,592,8,11,2023-01-26,13,436.0
952,B-25564,3,593,9,5,2021-09-06,8,342.0
953,B-25564,3,594,9,14,2021-11-12,8,342.0
954,B-25564,3,595,9,16,2024-07-30,8,342.0
955,B-26543,4,596,5,12,2022-03-15,16,1943.0
956,B-25976,1,597,1,6,2024-03-15,3,615.0
957,B-25976,1,598,1,7,2020-11-10,3,615.0
958,B-25976,3,597,6,6,2024-03-15,5,1134.0
959,B-25976,3,598,6,7,2020-11-10,5,1134.0
960,B-25929,4,599,10,7,2022-07-23,18,298.0
961,B-25497,4,600,12,3,2024-09-13,14,220.0
962,B-25497,2,600,7,3,2024-09-13,5,914.0
963,B-26735,5,601,4,11,2022-01-25,6,612.0
964,B-25036,3,602,2,6,2021-04-19,3,1253.0
965,B-25971,2,603,9,16,2021-07-18,6,2881.0
966,B-25441,4,604,8,3,2022-06-24,16,3858.0
967,B-25441,4,605,8,8,2024-06-08,16,3858.0
968,B-25441,2,604,3,3,2022-06-24,7,292.0
969,B-25441,2,605,3,8,2024-06-08,7,292.0
970,B-25441,1,604,12,3,2022-06-24,17,662.0
971,B-25441,1,605,12,8,2024-06-08,17,662.0
972,B-25823,5,606,9,6,2022-09-29,9,476.0
973,B-25363,4,607,4,10,2023-05-10,8,749.0
974,B-25363,4,608,4,16,2020-05-02,8,749.0
975,B-26445,3,609,8,2,2021-04-12,15,1451.0
976,B-26724,3,610,6,7,2023-11-04,1,4361.0
977,B-25447,3,611,9,17,2020-05-04,13,1553.0
978,B-26904,2,612,9,3,2023-09-10,19,67.0
979,B-26904,2,613,9,1,2024-01-05,19,67.0
980,B-26904,2,614,9,11,2024-05-08,19,67.0
981,B-26456,5,615,5,14,2024-03-30,11,2618.0
982,B-25435,1,616,12,12,2020-09-10,3,1051.0
983,B-25435,3,616,4,12,2020-09-10,8,1874.0
984,B-26279,4,617,7,7,2020-07-12,5,410.0
985,B-26279,4,618,7,3,2022-12-08,5,410.0
986,B-26279,4,619,7,13,2024-03-27,5,410.0
987,B-26279,4,620,7,2,2023-02-17,5,410.0
988,B-26279,4,621,7,5,2021-07-21,5,410.0
989,B-26279,1,617,10,7,2020-07-12,4,534.0
990,B-26279,1,618,10,3,2022-12-08,4,534.0
991,B-26279,1,619,10,13,2024-03-27,4,534.0
992,B-26279,1,620,10,2,2023-02-17,4,534.0
993,B-26279,1,621,10,5,2021-07-21,4,534.0
994,B-25770,5,622,10,17,2022-10-30,1,2305.0
995,B-25715,2,623,5,14,2020-12-31,19,139.0
996,B-25715,2,624,5,15,2022-04-15,19,139.0
997,B-25715,2,625,5,2,2023-04-05,19,139.0
998,B-25715,1,623,5,14,2020-12-31,16,800.0
999,B-25715,1,624,5,15,2022-04-15,16,800.0
1000,B-25715,1,625,5,2,2023-04-05,16,800.0
1001,B-25715,1,623,9,14,2020-12-31,9,1626.0
1002,B-25715,1,624,9,15,2022-04-15,9,1626.0
1003,B-25715,1,625,9,2,2023-04-05,9,1626.0
1004,B-26961,2,626,8,10,2021-10-29,5,2530.0
1005,B-26961,2,627,8,1,2024-12-29,5,2530.0
1006,B-25902,1,628,1,15,2020-08-11,3,96.0
1007,B-26321,4,629,7,17,2024-03-04,6,848.0
1008,B-25612,3,630,11,10,2023-10-17,1,1536.0
1009,B-25605,5,631,11,6,2023-07-28,6,163.0
1010,B-25810,4,632,6,1,2021-11-27,5,275.0
1011,B-25810,4,632,1,1,2021-11-27,13,192.0
1012,B-25935,2,633,4,13,2020-09-09,15,1554.0
1013,B-26245,3,634,9,15,2021-06-02,5,235.0
1014,B-26245,3,635,9,4,2022-08-22,5,235.0
1015,B-26245,3,636,9,7,2024-04-16,5,235.0
1016,B-25346,5,637,8,14,2022-08-23,8,155.0
1017,B-25346,5,638,8,15,2021-03-12,8,155.0
1018,B-25594,4,639,1,18,2024-06-26,7,212.0
1019,B-25594,4,640,1,17,2023-12-08,7,212.0
1020,B-25471,2,641,6,17,2024-11-27,9,188.0
1021,B-25398,5,642,2,17,2022-01-10,13,767.0
1022,B-25398,5,643,2,12,2021-11-01,13,767.0
1023,B-25999,4,644,6,14,2023-10-28,1,1005.0
1024,B-25999,4,645,6,10,2025-03-01,1,1005.0
1025,B-25999,1,644,3,14,2023-10-28,8,558.0
1026,B-25999,1,645,3,10,2025-03-01,8,558.0
1027,B-25159,1,646,7,18,2024-08-01,16,1354.0
1028,B-25159,1,647,7,3,2023-06-07,16,1354.0
1029,B-25159,1,648,7,4,2024-10-21,16,1354.0
1030,B-25159,1,649,7,3,2021-01-04,16,1354.0
1031,B-25496,3,650,3,15,2022-04-19,2,941.0
1032,B-25496,3,651,3,11,2022-08-11,2,941.0
1033,B-25401,2,652,2,18,2023-08-04,13,2230.0
1034,B-25707,2,653,3,9,2020-04-25,2,469.0
1035,B-25707,1,653,10,9,2020-04-25,6,737.0
1036,B-26225,5,654,11,17,2024-12-14,2,355.0
1037,B-25662,3,655,8,4,2022-07-25,17,1246.0
1038,B-25662,3,656,8,1,2022-05-07,17,1246.0
1039,B-26752,2,657,2,12,2022-08-11,18,893.0
1040,B-26752,2,658,2,13,2022-08-12,18,893.0
1041,B-26752,4,657,12,12,2022-08-11,8,1447.0
1042,B-26752,4,658,12,13,2022-08-12,8,1447.0
1043,B-25640,3,659,3,16,2023-08-21,9,85.0
1044,B-25030,4,660,4,10,2022-09-12,6,1012.0
1045,B-25504,1,661,3,5,2023-08-20,10,2462.0
1046,B-26912,2,662,5,14,2020-12-27,9,1686.0
1047,B-26912,2,663,5,18,2023-09-04,9,1686.0
1048,B-26912,2,664,5,2,2022-01-08,9,1686.0
1049,B-25193,3,665,2,6,2023-06-05,16,4441.0
1050,B-25106,4,666,11,9,2021-04-01,16,3098.0
1051,B-25106,4,667,11,7,2024-05-28,16,3098.0
1052,B-25106,4,666,1,9,2021-04-01,11,356.0
1053,B-25106,4,667,1,7,2024-05-28,11,356.0
1054,B-26835,1,668,11,1,2023-03-09,3,728.0
1055,B-25836,2,669,12,18,2022-07-28,15,914.0
1056,B-25836,2,670,12,5,2021-06-17,15,914.0
1057,B-26661,5,671,3,1,2024-02-13,3,999.0
1058,B-26317,2,672,3,8,2021-08-06,20,149.0
1059,B-26839,3,673,11,16,2022-05-01,8,608.0
1060,B-26839,4,673,12,16,2022-05-01,13,3359.0
1061,B-25735,3,674,7,18,2024-03-11,7,1982.0
1062,B-25387,1,675,7,14,2020-07-06,5,4507.0
1063,B-25192,3,676,12,15,2020-12-17,13,177.0
1064,B-26844,5,677,1,7,2022-08-30,14,897.0
1065,B-26844,5,678,1,15,2025-02-27,14,897.0
1066,B-26844,5,679,1,4,2021-06-05,14,897.0
1067,B-25236,1,680,8,16,2022-12-22,7,867.0
1068,B-25940,2,681,11,13,2025-01-25,6,606.0
1069,B-25940,2,682,11,10,2025-02-14,6,606.0
1070,B-26765,5,683,2,7,2023-01-06,11,92.0
1071,B-26817,5,684,4,14,2020-10-11,6,126.0
1072,B-26522,3,685,12,12,2023-05-24,9,2826.0
1073,B-26522,3,686,12,5,2024-03-12,9,2826.0
1074,B-26522,3,687,12,6,2024-03-17,9,2826.0
1075,B-25681,5,688,4,13,2022-05-17,19,245.0
1076,B-25382,1,689,7,1,2020-12-21,15,2677.0
1077,B-25944,4,690,4,6,2021-08-24,14,2640.0
1078,B-25944,4,691,4,9,2022-10-22,14,2640.0
1079,B-26980,2,692,12,8,2024-02-21,5,3618.0
1080,B-26980,2,693,12,18,2022-10-31,5,3618.0
1081,B-25780,5,694,1,6,2022-05-15,15,322.0
1082,B-25964,4,695,1,8,2022-07-22,20,80.0
1083,B-26767,5,696,12,12,2021-12-13,19,1539.0
1084,B-26767,5,697,12,9,2021-06-03,19,1539.0
1085,B-25501,3,698,10,15,2025-02-24,4,3895.0
1086,B-26029,1,699,11,17,2023-02-02,7,1485.0
1087,B-25292,4,700,9,6,2021-12-31,19,1180.0
1088,B-25873,1,701,1,6,2024-06-15,2,713.0
1089,B-25873,1,702,1,3,2022-06-05,2,713.0
1090,B-25873,1,703,1,9,2020-05-11,2,713.0
1091,B-25444,3,704,3,7,2024-02-11,5,229.0
1092,B-25444,3,705,3,13,2020-11-25,5,229.0
1093,B-26796,1,706,2,14,2023-08-12,19,3063.0
1094,B-25537,4,707,7,14,2022-05-06,3,1686.0
1095,B-26083,4,708,9,5,2024-01-17,16,1390.0
1096,B-25298,5,709,7,4,2021-11-24,6,1039.0
1097,B-25298,5,710,7,1,2021-10-06,6,1039.0
1098,B-25298,5,711,7,12,2025-01-27,6,1039.0
1099,B-26734,5,712,5,3,2022-05-23,17,355.0
1100,B-26734,5,713,5,11,2023-11-28,17,355.0
1101,B-26734,5,714,5,12,2023-01-18,17,355.0
1102,B-25483,2,715,12,18,2021-09-06,9,55.0
1103,B-25483,3,715,4,18,2021-09-06,13,3821.0
1104,B-26041,5,716,11,18,2021-02-22,12,256.0
1105,B-26041,5,717,11,6,2021-10-06,12,256.0
1106,B-26750,4,718,8,8,2020-06-07,7,1214.0
1107,B-26138,1,719,12,9,2024-05-21,19,611.0
1108,B-26929,5,720,8,3,2020-08-05,1,3043.0
1109,B-25359,4,721,12,18,2020-10-15,3,300.0
1110,B-25738,5,722,7,15,2021-05-15,18,2999.0
1111,B-25738,5,723,7,11,2022-01-13,18,2999.0
1112,B-25931,1,724,8,13,2023-07-18,18,3178.0
1113,B-25706,4,725,4,7,2022-12-08,10,1969.0
1114,B-25352,5,726,2,1,2023-04-17,18,700.0
1115,B-26909,3,727,8,18,2020-06-23,4,1202.0
1116,B-26296,2,728,11,7,2022-01-20,6,2428.0
1117,B-26112,5,729,12,5,2023-11-18,5,247.0
1118,B-26112,5,730,12,10,2022-01-19,5,247.0
1119,B-26790,3,731,8,12,2020-09-21,16,1405.0
1120,B-26790,1,731,4,12,2020-09-21,1,384.0
1121,B-25986,3,732,8,10,2021-06-11,8,457.0
1122,B-25630,2,733,4,9,2024-08-07,6,936.0
1123,B-25630,2,734,4,13,2022-07-26,6,936.0
1124,B-26872,1,735,11,5,2024-01-13,6,177.0
1125,B-26872,3,735,7,5,2024-01-13,18,625.0
1126,B-25870,3,736,4,15,2021-05-28,17,2114.0
1127,B-25991,4,737,1,9,2021-06-13,3,933.0
1128,B-25198,2,738,2,11,2023-04-25,11,3870.0
1129,B-25189,3,739,9,12,2021-07-05,4,125.0
1130,B-25189,3,740,9,12,2024-10-12,4,125.0
1131,B-26563,2,741,5,3,2021-10-04,5,1591.0
1132,B-25548,1,742,4,14,2024-02-07,12,999.0
1133,B-25965,2,743,4,16,2021-03-05,2,272.0
1134,B-25965,2,744,4,3,2023-06-25,2,272.0
1135,B-26545,3,745,7,18,2021-08-02,20,142.0
1136,B-26603,3,746,4,11,2022-03-17,7,2661.0
1137,B-26393,4,747,2,1,2024-02-07,18,135.0
1138,B-26393,4,748,2,10,2022-08-19,18,135.0
1139,B-26628,2,749,8,16,2024-09-19,3,4339.0
1140,B-26628,2,750,8,14,2020-04-05,3,4339.0
1141,B-25945,2,751,1,9,2023-03-10,15,3301.0
1142,B-26565,4,752,9,13,2020-08-10,7,4585.0
1143,B-25684,5,753,1,6,2020-04-29,15,1335.0
1144,B-25684,5,754,1,7,2023-03-16,15,1335.0
1145,B-26612,2,755,11,3,2020-05-04,9,76.0
1146,B-26612,2,755,8,3,2020-05-04,12,3374.0
1147,B-25839,2,756,9,17,2024-10-15,9,1778.0
1148,B-25898,4,757,8,10,2022-06-09,10,2317.0
1149,B-26120,5,350,3,15,2020-07-04,8,287.0
1150,B-26120,5,758,3,2,2023-04-09,8,287.0
1151,B-26426,2,759,9,2,2023-11-24,9,1968.0
1152,B-26309,1,760,5,9,2023-11-29,4,3319.0
1153,B-26309,1,761,5,10,2024-05-20,4,3319.0
1154,B-26789,1,762,10,14,2024-05-21,12,103.0
1155,B-26420,2,763,8,16,2021-12-07,14,1001.0
1156,B-26420,2,764,8,14,2025-01-06,14,1001.0
1157,B-26257,2,765,5,3,2022-07-13,14,2088.0
1158,B-26257,2,766,5,14,2020-04-19,14,2088.0
1159,B-25603,1,767,7,7,2024-11-14,19,1771.0
1160,B-25603,1,768,7,9,2020-04-18,19,1771.0
1161,B-25010,4,769,3,16,2023-10-18,15,1057.0
1162,B-25010,4,770,3,15,2021-03-21,15,1057.0
1163,B-25889,4,771,4,15,2024-09-13,12,893.0
1164,B-25889,4,772,4,6,2023-05-04,12,893.0
1165,B-25889,4,773,4,2,2023-05-31,12,893.0
1166,B-26675,3,774,1,6,2024-06-15,18,2189.0
1167,B-26675,3,775,1,4,2021-04-03,18,2189.0
1168,B-26168,2,776,3,10,2025-01-14,9,2090.0
1169,B-25436,5,777,7,4,2020-12-24,3,3634.0
1170,B-25436,5,778,7,10,2022-10-07,3,3634.0
1171,B-25794,5,779,12,17,2021-10-05,16,1334.0
1172,B-26495,1,780,7,2,2024-12-28,3,658.0
1173,B-25815,3,781,4,11,2022-05-14,4,2555.0
1174,B-25022,2,782,8,6,2023-08-19,15,848.0
1175,B-25022,2,783,8,3,2023-07-14,15,848.0
1176,B-26928,4,784,4,9,2023-06-22,6,907.0
1177,B-25905,4,785,11,6,2023-03-21,3,3485.0
1178,B-26739,1,786,5,5,2020-12-13,3,1330.0
1179,B-26739,1,787,5,1,2024-05-29,3,1330.0
1180,B-25697,2,788,5,12,2021-05-25,14,54.0
1181,B-25234,1,789,9,9,2024-04-02,2,379.0
1182,B-25234,1,790,9,18,2022-12-03,2,379.0
1183,B-25665,2,791,1,15,2021-07-12,18,2444.0
1184,B-25665,2,792,1,18,2020-03-22,18,2444.0
1185,B-25028,1,793,10,4,2020-08-09,12,59.0
1186,B-26659,4,794,8,2,2022-02-18,4,83.0
1187,B-25966,2,795,12,12,2021-06-14,9,3042.0
1188,B-25966,2,796,12,10,2021-03-01,9,3042.0
1189,B-25350,2,797,1,11,2023-09-23,5,246.0
1190,B-26370,2,798,5,6,2024-07-31,15,3594.0
1191,B-26298,3,799,11,8,2020-06-02,8,642.0
1192,B-26298,3,800,11,11,2022-12-15,8,642.0
1193,B-26298,3,801,11,3,2020-08-07,8,642.0
1194,B-25068,1,802,7,2,2024-10-26,13,163.0
